stepID	filename	nameNew	riseOrig	l2Orig	h2Orig	riseNew	h2New	diffRise
1	nelli_ch	nelli_ch_rise_13_09	13.1123	161.3699	344.1556	13.0923	343.7583	0.02
2	nelli_ch	nelli_ch_rise_13_07	13.1123	161.3699	344.1556	13.0723	343.3614	0.04
3	nelli_ch	nelli_ch_rise_13_05	13.1123	161.3699	344.1556	13.0523	342.9649	0.06
4	nelli_ch	nelli_ch_rise_13_03	13.1123	161.3699	344.1556	13.0323	342.569	0.08
5	nelli_ch	nelli_ch_rise_13_01	13.1123	161.3699	344.1556	13.0123	342.1734	0.1
6	nelli_ch	nelli_ch_rise_12_99	13.1123	161.3699	344.1556	12.9923	341.7784	0.12
7	nelli_ch	nelli_ch_rise_12_97	13.1123	161.3699	344.1556	12.9723	341.3838	0.14
8	nelli_ch	nelli_ch_rise_12_95	13.1123	161.3699	344.1556	12.9523	340.9896	0.16
9	nelli_ch	nelli_ch_rise_12_93	13.1123	161.3699	344.1556	12.9323	340.5959	0.18
10	nelli_ch	nelli_ch_rise_12_91	13.1123	161.3699	344.1556	12.9123	340.2027	0.2
11	nelli_ch	nelli_ch_rise_12_89	13.1123	161.3699	344.1556	12.8923	339.8099	0.22
12	nelli_ch	nelli_ch_rise_12_87	13.1123	161.3699	344.1556	12.8723	339.4175	0.24
13	nelli_ch	nelli_ch_rise_12_85	13.1123	161.3699	344.1556	12.8523	339.0256	0.26
14	nelli_ch	nelli_ch_rise_12_83	13.1123	161.3699	344.1556	12.8323	338.6342	0.28
15	nelli_ch	nelli_ch_rise_12_81	13.1123	161.3699	344.1556	12.8123	338.2432	0.3
16	nelli_ch	nelli_ch_rise_12_79	13.1123	161.3699	344.1556	12.7923	337.8527	0.32
17	nelli_ch	nelli_ch_rise_12_77	13.1123	161.3699	344.1556	12.7723	337.4626	0.34
18	nelli_ch	nelli_ch_rise_12_75	13.1123	161.3699	344.1556	12.7523	337.073	0.36
19	nelli_ch	nelli_ch_rise_12_73	13.1123	161.3699	344.1556	12.7323	336.6838	0.38
20	nelli_ch	nelli_ch_rise_12_71	13.1123	161.3699	344.1556	12.7123	336.2951	0.4
21	nelli_ch	nelli_ch_rise_12_69	13.1123	161.3699	344.1556	12.6923	335.9068	0.42
22	nelli_ch	nelli_ch_rise_12_67	13.1123	161.3699	344.1556	12.6723	335.519	0.44
23	nelli_ch	nelli_ch_rise_12_65	13.1123	161.3699	344.1556	12.6523	335.1316	0.46
24	nelli_ch	nelli_ch_rise_12_63	13.1123	161.3699	344.1556	12.6323	334.7447	0.48
25	nelli_ch	nelli_ch_rise_12_61	13.1123	161.3699	344.1556	12.6123	334.3582	0.5
26	nelli_ch	nelli_ch_rise_12_59	13.1123	161.3699	344.1556	12.5923	333.9721	0.52
27	nelli_ch	nelli_ch_rise_12_57	13.1123	161.3699	344.1556	12.5723	333.5865	0.54
28	nelli_ch	nelli_ch_rise_12_55	13.1123	161.3699	344.1556	12.5523	333.2014	0.56
29	nelli_ch	nelli_ch_rise_12_53	13.1123	161.3699	344.1556	12.5323	332.8167	0.58
30	nelli_ch	nelli_ch_rise_12_51	13.1123	161.3699	344.1556	12.5123	332.4324	0.6
31	nelli_ch	nelli_ch_rise_12_49	13.1123	161.3699	344.1556	12.4923	332.0486	0.62
32	nelli_ch	nelli_ch_rise_12_47	13.1123	161.3699	344.1556	12.4723	331.6652	0.64
33	nelli_ch	nelli_ch_rise_12_45	13.1123	161.3699	344.1556	12.4523	331.2823	0.66
34	nelli_ch	nelli_ch_rise_12_43	13.1123	161.3699	344.1556	12.4323	330.8998	0.68
35	nelli_ch	nelli_ch_rise_12_41	13.1123	161.3699	344.1556	12.4123	330.5178	0.7
36	nelli_ch	nelli_ch_rise_12_39	13.1123	161.3699	344.1556	12.3923	330.1361	0.72
37	nelli_ch	nelli_ch_rise_12_37	13.1123	161.3699	344.1556	12.3723	329.755	0.74
38	nelli_ch	nelli_ch_rise_12_35	13.1123	161.3699	344.1556	12.3523	329.3742	0.76
39	nelli_ch	nelli_ch_rise_12_33	13.1123	161.3699	344.1556	12.3323	328.994	0.78
40	nelli_ch	nelli_ch_rise_12_31	13.1123	161.3699	344.1556	12.3123	328.6141	0.8
41	nelli_ch	nelli_ch_rise_12_29	13.1123	161.3699	344.1556	12.2923	328.2347	0.82
42	nelli_ch	nelli_ch_rise_12_27	13.1123	161.3699	344.1556	12.2723	327.8557	0.84
43	nelli_ch	nelli_ch_rise_12_25	13.1123	161.3699	344.1556	12.2523	327.4772	0.86
44	nelli_ch	nelli_ch_rise_12_23	13.1123	161.3699	344.1556	12.2323	327.0991	0.88
45	nelli_ch	nelli_ch_rise_12_21	13.1123	161.3699	344.1556	12.2123	326.7214	0.9
46	nelli_ch	nelli_ch_rise_12_19	13.1123	161.3699	344.1556	12.1923	326.3442	0.92
47	nelli_ch	nelli_ch_rise_12_17	13.1123	161.3699	344.1556	12.1723	325.9674	0.94
48	nelli_ch	nelli_ch_rise_12_15	13.1123	161.3699	344.1556	12.1523	325.5911	0.96
49	nelli_ch	nelli_ch_rise_12_13	13.1123	161.3699	344.1556	12.1323	325.2151	0.98
50	nelli_ch	nelli_ch_rise_12_11	13.1123	161.3699	344.1556	12.1123	324.8397	1
51	nelli_ch	nelli_ch_rise_12_09	13.1123	161.3699	344.1556	12.0923	324.4646	1.02
52	nelli_ch	nelli_ch_rise_12_07	13.1123	161.3699	344.1556	12.0723	324.09	1.04
53	nelli_ch	nelli_ch_rise_12_05	13.1123	161.3699	344.1556	12.0523	323.7158	1.06
54	nelli_ch	nelli_ch_rise_12_03	13.1123	161.3699	344.1556	12.0323	323.342	1.08
55	nelli_ch	nelli_ch_rise_12_01	13.1123	161.3699	344.1556	12.0123	322.9687	1.1
56	nelli_ch	nelli_ch_rise_11_99	13.1123	161.3699	344.1556	11.9923	322.5958	1.12
57	nelli_ch	nelli_ch_rise_11_97	13.1123	161.3699	344.1556	11.9723	322.2234	1.14
58	nelli_ch	nelli_ch_rise_11_95	13.1123	161.3699	344.1556	11.9523	321.8513	1.16
59	nelli_ch	nelli_ch_rise_11_93	13.1123	161.3699	344.1556	11.9323	321.4797	1.18
60	nelli_ch	nelli_ch_rise_11_91	13.1123	161.3699	344.1556	11.9123	321.1086	1.2
61	nelli_ch	nelli_ch_rise_11_89	13.1123	161.3699	344.1556	11.8923	320.7378	1.22
62	nelli_ch	nelli_ch_rise_11_87	13.1123	161.3699	344.1556	11.8723	320.3675	1.24
63	nelli_ch	nelli_ch_rise_11_85	13.1123	161.3699	344.1556	11.8523	319.9976	1.26
64	nelli_ch	nelli_ch_rise_11_83	13.1123	161.3699	344.1556	11.8323	319.6281	1.28
65	nelli_ch	nelli_ch_rise_11_81	13.1123	161.3699	344.1556	11.8123	319.2591	1.3
66	nelli_ch	nelli_ch_rise_11_79	13.1123	161.3699	344.1556	11.7923	318.8905	1.32
67	nelli_ch	nelli_ch_rise_11_77	13.1123	161.3699	344.1556	11.7723	318.5223	1.34
68	nelli_ch	nelli_ch_rise_11_75	13.1123	161.3699	344.1556	11.7523	318.1545	1.36
69	nelli_ch	nelli_ch_rise_11_73	13.1123	161.3699	344.1556	11.7323	317.7872	1.38
70	nelli_ch	nelli_ch_rise_11_71	13.1123	161.3699	344.1556	11.7123	317.4203	1.4
71	nelli_ch	nelli_ch_rise_11_69	13.1123	161.3699	344.1556	11.6923	317.0538	1.42
72	nelli_ch	nelli_ch_rise_11_67	13.1123	161.3699	344.1556	11.6723	316.6878	1.44
73	nelli_ch	nelli_ch_rise_11_65	13.1123	161.3699	344.1556	11.6523	316.3221	1.46
74	nelli_ch	nelli_ch_rise_11_63	13.1123	161.3699	344.1556	11.6323	315.9569	1.48
75	nelli_ch	nelli_ch_rise_11_61	13.1123	161.3699	344.1556	11.6123	315.5921	1.5
76	nelli_ch	nelli_ch_rise_11_59	13.1123	161.3699	344.1556	11.5923	315.2277	1.52
77	nelli_ch	nelli_ch_rise_11_57	13.1123	161.3699	344.1556	11.5723	314.8638	1.54
78	nelli_ch	nelli_ch_rise_11_55	13.1123	161.3699	344.1556	11.5523	314.5002	1.56
79	nelli_ch	nelli_ch_rise_11_53	13.1123	161.3699	344.1556	11.5323	314.1371	1.58
80	nelli_ch	nelli_ch_rise_11_51	13.1123	161.3699	344.1556	11.5123	313.7744	1.6
81	nelli_ch	nelli_ch_rise_11_49	13.1123	161.3699	344.1556	11.4923	313.4121	1.62
82	nelli_ch	nelli_ch_rise_11_47	13.1123	161.3699	344.1556	11.4723	313.0503	1.64
83	nelli_ch	nelli_ch_rise_11_45	13.1123	161.3699	344.1556	11.4523	312.6888	1.66
84	nelli_ch	nelli_ch_rise_11_43	13.1123	161.3699	344.1556	11.4323	312.3278	1.68
85	nelli_ch	nelli_ch_rise_11_41	13.1123	161.3699	344.1556	11.4123	311.9672	1.7
86	nelli_ch	nelli_ch_rise_11_39	13.1123	161.3699	344.1556	11.3923	311.607	1.72
87	nelli_ch	nelli_ch_rise_11_37	13.1123	161.3699	344.1556	11.3723	311.2472	1.74
88	nelli_ch	nelli_ch_rise_11_35	13.1123	161.3699	344.1556	11.3523	310.8879	1.76
89	nelli_ch	nelli_ch_rise_11_33	13.1123	161.3699	344.1556	11.3323	310.5289	1.78
90	nelli_ch	nelli_ch_rise_11_31	13.1123	161.3699	344.1556	11.3123	310.1704	1.8
91	nelli_ch	nelli_ch_rise_11_29	13.1123	161.3699	344.1556	11.2923	309.8123	1.82
92	nelli_ch	nelli_ch_rise_11_27	13.1123	161.3699	344.1556	11.2723	309.4546	1.84
93	nelli_ch	nelli_ch_rise_11_25	13.1123	161.3699	344.1556	11.2523	309.0973	1.86
94	nelli_ch	nelli_ch_rise_11_23	13.1123	161.3699	344.1556	11.2323	308.7404	1.88
95	nelli_ch	nelli_ch_rise_11_21	13.1123	161.3699	344.1556	11.2123	308.384	1.9
96	nelli_ch	nelli_ch_rise_11_19	13.1123	161.3699	344.1556	11.1923	308.0279	1.92
97	nelli_ch	nelli_ch_rise_11_17	13.1123	161.3699	344.1556	11.1723	307.6723	1.94
98	nelli_ch	nelli_ch_rise_11_15	13.1123	161.3699	344.1556	11.1523	307.317	1.96
99	nelli_ch	nelli_ch_rise_11_13	13.1123	161.3699	344.1556	11.1323	306.9622	1.98
100	nelli_ch	nelli_ch_rise_11_11	13.1123	161.3699	344.1556	11.1123	306.6078	2
101	nelli_ch	nelli_ch_rise_11_09	13.1123	161.3699	344.1556	11.0923	306.2538	2.02
102	nelli_ch	nelli_ch_rise_11_07	13.1123	161.3699	344.1556	11.0723	305.9002	2.04
103	nelli_ch	nelli_ch_rise_11_05	13.1123	161.3699	344.1556	11.0523	305.547	2.06
104	nelli_ch	nelli_ch_rise_11_03	13.1123	161.3699	344.1556	11.0323	305.1942	2.08
105	nelli_ch	nelli_ch_rise_11_01	13.1123	161.3699	344.1556	11.0123	304.8419	2.1
106	nelli_ch	nelli_ch_rise_10_99	13.1123	161.3699	344.1556	10.9923	304.4899	2.12
107	nelli_ch	nelli_ch_rise_10_97	13.1123	161.3699	344.1556	10.9723	304.1384	2.14
108	nelli_ch	nelli_ch_rise_10_95	13.1123	161.3699	344.1556	10.9523	303.7872	2.16
109	nelli_ch	nelli_ch_rise_10_93	13.1123	161.3699	344.1556	10.9323	303.4365	2.18
110	nelli_ch	nelli_ch_rise_10_91	13.1123	161.3699	344.1556	10.9123	303.0861	2.2
111	nelli_ch	nelli_ch_rise_10_89	13.1123	161.3699	344.1556	10.8923	302.7362	2.22
112	nelli_ch	nelli_ch_rise_10_87	13.1123	161.3699	344.1556	10.8723	302.3866	2.24
113	nelli_ch	nelli_ch_rise_10_85	13.1123	161.3699	344.1556	10.8523	302.0375	2.26
114	nelli_ch	nelli_ch_rise_10_83	13.1123	161.3699	344.1556	10.8323	301.6888	2.28
115	nelli_ch	nelli_ch_rise_10_81	13.1123	161.3699	344.1556	10.8123	301.3405	2.3
116	nelli_ch	nelli_ch_rise_10_79	13.1123	161.3699	344.1556	10.7923	300.9925	2.32
117	nelli_ch	nelli_ch_rise_10_77	13.1123	161.3699	344.1556	10.7723	300.645	2.34
118	nelli_ch	nelli_ch_rise_10_75	13.1123	161.3699	344.1556	10.7523	300.2979	2.36
119	nelli_ch	nelli_ch_rise_10_73	13.1123	161.3699	344.1556	10.7323	299.9512	2.38
120	nelli_ch	nelli_ch_rise_10_71	13.1123	161.3699	344.1556	10.7123	299.6049	2.4
121	nelli_ch	nelli_ch_rise_10_69	13.1123	161.3699	344.1556	10.6923	299.259	2.42
122	nelli_ch	nelli_ch_rise_10_67	13.1123	161.3699	344.1556	10.6723	298.9134	2.44
123	nelli_ch	nelli_ch_rise_10_65	13.1123	161.3699	344.1556	10.6523	298.5683	2.46
124	nelli_ch	nelli_ch_rise_10_63	13.1123	161.3699	344.1556	10.6323	298.2236	2.48
125	nelli_ch	nelli_ch_rise_10_61	13.1123	161.3699	344.1556	10.6123	297.8793	2.5
126	nelli_ch	nelli_ch_rise_10_59	13.1123	161.3699	344.1556	10.5923	297.5354	2.52
127	nelli_ch	nelli_ch_rise_10_57	13.1123	161.3699	344.1556	10.5723	297.1918	2.54
128	nelli_ch	nelli_ch_rise_10_55	13.1123	161.3699	344.1556	10.5523	296.8487	2.56
129	nelli_ch	nelli_ch_rise_10_53	13.1123	161.3699	344.1556	10.5323	296.506	2.58
130	nelli_ch	nelli_ch_rise_10_51	13.1123	161.3699	344.1556	10.5123	296.1636	2.6
131	nelli_ch	nelli_ch_rise_10_49	13.1123	161.3699	344.1556	10.4923	295.8217	2.62
132	nelli_ch	nelli_ch_rise_10_47	13.1123	161.3699	344.1556	10.4723	295.4801	2.64
133	nelli_ch	nelli_ch_rise_10_45	13.1123	161.3699	344.1556	10.4523	295.139	2.66
134	nelli_ch	nelli_ch_rise_10_43	13.1123	161.3699	344.1556	10.4323	294.7982	2.68
135	nelli_ch	nelli_ch_rise_10_41	13.1123	161.3699	344.1556	10.4123	294.4578	2.7
136	nelli_ch	nelli_ch_rise_10_39	13.1123	161.3699	344.1556	10.3923	294.1179	2.72
137	nelli_ch	nelli_ch_rise_10_37	13.1123	161.3699	344.1556	10.3723	293.7783	2.74
138	nelli_ch	nelli_ch_rise_10_35	13.1123	161.3699	344.1556	10.3523	293.4391	2.76
139	nelli_ch	nelli_ch_rise_10_33	13.1123	161.3699	344.1556	10.3323	293.1003	2.78
140	nelli_ch	nelli_ch_rise_10_31	13.1123	161.3699	344.1556	10.3123	292.7619	2.8
141	nelli_ch	nelli_ch_rise_10_29	13.1123	161.3699	344.1556	10.2923	292.4239	2.82
142	nelli_ch	nelli_ch_rise_10_27	13.1123	161.3699	344.1556	10.2723	292.0862	2.84
143	nelli_ch	nelli_ch_rise_10_25	13.1123	161.3699	344.1556	10.2523	291.749	2.86
144	nelli_ch	nelli_ch_rise_10_23	13.1123	161.3699	344.1556	10.2323	291.4122	2.88
145	nelli_ch	nelli_ch_rise_10_21	13.1123	161.3699	344.1556	10.2123	291.0757	2.9
146	nelli_ch	nelli_ch_rise_10_19	13.1123	161.3699	344.1556	10.1923	290.7396	2.92
147	nelli_ch	nelli_ch_rise_10_17	13.1123	161.3699	344.1556	10.1723	290.404	2.94
148	nelli_ch	nelli_ch_rise_10_15	13.1123	161.3699	344.1556	10.1523	290.0687	2.96
149	nelli_ch	nelli_ch_rise_10_13	13.1123	161.3699	344.1556	10.1323	289.7338	2.98
150	nelli_ch	nelli_ch_rise_10_11	13.1123	161.3699	344.1556	10.1123	289.3992	3
151	nelli_ch	nelli_ch_rise_10_09	13.1123	161.3699	344.1556	10.0923	289.0651	3.02
152	nelli_ch	nelli_ch_rise_10_07	13.1123	161.3699	344.1556	10.0723	288.7313	3.04
153	nelli_ch	nelli_ch_rise_10_05	13.1123	161.3699	344.1556	10.0523	288.398	3.06
154	nelli_ch	nelli_ch_rise_10_03	13.1123	161.3699	344.1556	10.0323	288.065	3.08
155	nelli_ch	nelli_ch_rise_10_01	13.1123	161.3699	344.1556	10.0123	287.7324	3.1
156	nelli_ch	nelli_ch_rise_9_99	13.1123	161.3699	344.1556	9.9923	287.4002	3.12
157	nelli_ch	nelli_ch_rise_9_97	13.1123	161.3699	344.1556	9.9723	287.0684	3.14
158	nelli_ch	nelli_ch_rise_9_95	13.1123	161.3699	344.1556	9.9523	286.7369	3.16
159	nelli_ch	nelli_ch_rise_9_93	13.1123	161.3699	344.1556	9.9323	286.4059	3.18
160	nelli_ch	nelli_ch_rise_9_91	13.1123	161.3699	344.1556	9.9123	286.0752	3.2
161	nelli_ch	nelli_ch_rise_9_89	13.1123	161.3699	344.1556	9.8923	285.7449	3.22
162	nelli_ch	nelli_ch_rise_9_87	13.1123	161.3699	344.1556	9.8723	285.415	3.24
163	nelli_ch	nelli_ch_rise_9_85	13.1123	161.3699	344.1556	9.8523	285.0855	3.26
164	nelli_ch	nelli_ch_rise_9_83	13.1123	161.3699	344.1556	9.8323	284.7563	3.28
165	nelli_ch	nelli_ch_rise_9_81	13.1123	161.3699	344.1556	9.8123	284.4275	3.3
166	nelli_ch	nelli_ch_rise_9_79	13.1123	161.3699	344.1556	9.7923	284.0991	3.32
167	nelli_ch	nelli_ch_rise_9_77	13.1123	161.3699	344.1556	9.7723	283.7711	3.34
168	nelli_ch	nelli_ch_rise_9_75	13.1123	161.3699	344.1556	9.7523	283.4435	3.36
169	nelli_ch	nelli_ch_rise_9_73	13.1123	161.3699	344.1556	9.7323	283.1162	3.38
170	nelli_ch	nelli_ch_rise_9_71	13.1123	161.3699	344.1556	9.7123	282.7893	3.4
171	nelli_ch	nelli_ch_rise_9_69	13.1123	161.3699	344.1556	9.6923	282.4628	3.42
172	nelli_ch	nelli_ch_rise_9_67	13.1123	161.3699	344.1556	9.6723	282.1367	3.44
173	nelli_ch	nelli_ch_rise_9_65	13.1123	161.3699	344.1556	9.6523	281.811	3.46
174	nelli_ch	nelli_ch_rise_9_63	13.1123	161.3699	344.1556	9.6323	281.4856	3.48
175	nelli_ch	nelli_ch_rise_9_61	13.1123	161.3699	344.1556	9.6123	281.1606	3.5
176	nelli_ch	nelli_ch_rise_9_59	13.1123	161.3699	344.1556	9.5923	280.836	3.52
177	nelli_ch	nelli_ch_rise_9_57	13.1123	161.3699	344.1556	9.5723	280.5117	3.54
178	nelli_ch	nelli_ch_rise_9_55	13.1123	161.3699	344.1556	9.5523	280.1879	3.56
179	nelli_ch	nelli_ch_rise_9_53	13.1123	161.3699	344.1556	9.5323	279.8644	3.58
180	nelli_ch	nelli_ch_rise_9_51	13.1123	161.3699	344.1556	9.5123	279.5412	3.6
181	nelli_ch	nelli_ch_rise_9_49	13.1123	161.3699	344.1556	9.4923	279.2185	3.62
182	nelli_ch	nelli_ch_rise_9_47	13.1123	161.3699	344.1556	9.4723	278.8961	3.64
183	nelli_ch	nelli_ch_rise_9_45	13.1123	161.3699	344.1556	9.4523	278.5741	3.66
184	nelli_ch	nelli_ch_rise_9_43	13.1123	161.3699	344.1556	9.4323	278.2525	3.68
185	nelli_ch	nelli_ch_rise_9_41	13.1123	161.3699	344.1556	9.4123	277.9312	3.7
186	nelli_ch	nelli_ch_rise_9_39	13.1123	161.3699	344.1556	9.3923	277.6103	3.72
187	nelli_ch	nelli_ch_rise_9_37	13.1123	161.3699	344.1556	9.3723	277.2898	3.74
188	nelli_ch	nelli_ch_rise_9_35	13.1123	161.3699	344.1556	9.3523	276.9696	3.76
189	nelli_ch	nelli_ch_rise_9_33	13.1123	161.3699	344.1556	9.3323	276.6498	3.78
190	nelli_ch	nelli_ch_rise_9_31	13.1123	161.3699	344.1556	9.3123	276.3304	3.8
191	nelli_ch	nelli_ch_rise_9_29	13.1123	161.3699	344.1556	9.2923	276.0114	3.82
192	nelli_ch	nelli_ch_rise_9_27	13.1123	161.3699	344.1556	9.2723	275.6927	3.84
193	nelli_ch	nelli_ch_rise_9_25	13.1123	161.3699	344.1556	9.2523	275.3744	3.86
194	nelli_ch	nelli_ch_rise_9_23	13.1123	161.3699	344.1556	9.2323	275.0565	3.88
195	nelli_ch	nelli_ch_rise_9_21	13.1123	161.3699	344.1556	9.2123	274.7389	3.9
196	nelli_ch	nelli_ch_rise_9_19	13.1123	161.3699	344.1556	9.1923	274.4217	3.92
197	nelli_ch	nelli_ch_rise_9_17	13.1123	161.3699	344.1556	9.1723	274.1048	3.94
198	nelli_ch	nelli_ch_rise_9_15	13.1123	161.3699	344.1556	9.1523	273.7884	3.96
199	nelli_ch	nelli_ch_rise_9_13	13.1123	161.3699	344.1556	9.1323	273.4722	3.98
200	nelli_ch	nelli_ch_rise_9_11	13.1123	161.3699	344.1556	9.1123	273.1565	4
201	nelli_ch	nelli_ch_rise_9_09	13.1123	161.3699	344.1556	9.0923	272.8411	4.02
202	nelli_ch	nelli_ch_rise_9_07	13.1123	161.3699	344.1556	9.0723	272.5261	4.04
203	nelli_ch	nelli_ch_rise_9_05	13.1123	161.3699	344.1556	9.0523	272.2115	4.06
204	nelli_ch	nelli_ch_rise_9_03	13.1123	161.3699	344.1556	9.0323	271.8972	4.08
205	nelli_ch	nelli_ch_rise_9_01	13.1123	161.3699	344.1556	9.0123	271.5832	4.1
206	nelli_ch	nelli_ch_rise_8_99	13.1123	161.3699	344.1556	8.9923	271.2697	4.12
207	nelli_ch	nelli_ch_rise_8_97	13.1123	161.3699	344.1556	8.9723	270.9565	4.14
208	nelli_ch	nelli_ch_rise_8_95	13.1123	161.3699	344.1556	8.9523	270.6436	4.16
209	nelli_ch	nelli_ch_rise_8_93	13.1123	161.3699	344.1556	8.9323	270.3311	4.18
210	nelli_ch	nelli_ch_rise_8_91	13.1123	161.3699	344.1556	8.9123	270.019	4.2
211	nelli_ch	nelli_ch_rise_8_89	13.1123	161.3699	344.1556	8.8923	269.7073	4.22
212	nelli_ch	nelli_ch_rise_8_87	13.1123	161.3699	344.1556	8.8723	269.3959	4.24
213	nelli_ch	nelli_ch_rise_8_85	13.1123	161.3699	344.1556	8.8523	269.0848	4.26
214	nelli_ch	nelli_ch_rise_8_83	13.1123	161.3699	344.1556	8.8323	268.7742	4.28
215	nelli_ch	nelli_ch_rise_8_81	13.1123	161.3699	344.1556	8.8123	268.4638	4.3
216	nelli_ch	nelli_ch_rise_8_79	13.1123	161.3699	344.1556	8.7923	268.1539	4.32
217	nelli_ch	nelli_ch_rise_8_77	13.1123	161.3699	344.1556	8.7723	267.8443	4.34
218	nelli_ch	nelli_ch_rise_8_75	13.1123	161.3699	344.1556	8.7523	267.535	4.36
219	nelli_ch	nelli_ch_rise_8_73	13.1123	161.3699	344.1556	8.7323	267.2261	4.38
220	nelli_ch	nelli_ch_rise_8_71	13.1123	161.3699	344.1556	8.7123	266.9176	4.4
221	nelli_ch	nelli_ch_rise_8_69	13.1123	161.3699	344.1556	8.6923	266.6094	4.42
222	nelli_ch	nelli_ch_rise_8_67	13.1123	161.3699	344.1556	8.6723	266.3016	4.44
223	nelli_ch	nelli_ch_rise_8_65	13.1123	161.3699	344.1556	8.6523	265.9941	4.46
224	nelli_ch	nelli_ch_rise_8_63	13.1123	161.3699	344.1556	8.6323	265.687	4.48
225	nelli_ch	nelli_ch_rise_8_61	13.1123	161.3699	344.1556	8.6123	265.3803	4.5
226	nelli_ch	nelli_ch_rise_8_59	13.1123	161.3699	344.1556	8.5923	265.0739	4.52
227	nelli_ch	nelli_ch_rise_8_57	13.1123	161.3699	344.1556	8.5723	264.7678	4.54
228	nelli_ch	nelli_ch_rise_8_55	13.1123	161.3699	344.1556	8.5523	264.4621	4.56
229	nelli_ch	nelli_ch_rise_8_53	13.1123	161.3699	344.1556	8.5323	264.1568	4.58
230	nelli_ch	nelli_ch_rise_8_51	13.1123	161.3699	344.1556	8.5123	263.8518	4.6
231	nelli_ch	nelli_ch_rise_8_49	13.1123	161.3699	344.1556	8.4923	263.5471	4.62
232	nelli_ch	nelli_ch_rise_8_47	13.1123	161.3699	344.1556	8.4723	263.2429	4.64
233	nelli_ch	nelli_ch_rise_8_45	13.1123	161.3699	344.1556	8.4523	262.9389	4.66
234	nelli_ch	nelli_ch_rise_8_43	13.1123	161.3699	344.1556	8.4323	262.6353	4.68
235	nelli_ch	nelli_ch_rise_8_41	13.1123	161.3699	344.1556	8.4123	262.3321	4.7
236	nelli_ch	nelli_ch_rise_8_39	13.1123	161.3699	344.1556	8.3923	262.0292	4.72
237	nelli_ch	nelli_ch_rise_8_37	13.1123	161.3699	344.1556	8.3723	261.7267	4.74
238	nelli_ch	nelli_ch_rise_8_35	13.1123	161.3699	344.1556	8.3523	261.4245	4.76
239	nelli_ch	nelli_ch_rise_8_33	13.1123	161.3699	344.1556	8.3323	261.1227	4.78
240	nelli_ch	nelli_ch_rise_8_31	13.1123	161.3699	344.1556	8.3123	260.8212	4.8
241	nelli_ch	nelli_ch_rise_8_29	13.1123	161.3699	344.1556	8.2923	260.5201	4.82
242	nelli_ch	nelli_ch_rise_8_27	13.1123	161.3699	344.1556	8.2723	260.2193	4.84
243	nelli_ch	nelli_ch_rise_8_25	13.1123	161.3699	344.1556	8.2523	259.9188	4.86
244	nelli_ch	nelli_ch_rise_8_23	13.1123	161.3699	344.1556	8.2323	259.6187	4.88
245	nelli_ch	nelli_ch_rise_8_21	13.1123	161.3699	344.1556	8.2123	259.319	4.9
246	nelli_ch	nelli_ch_rise_8_19	13.1123	161.3699	344.1556	8.1923	259.0196	4.92
247	nelli_ch	nelli_ch_rise_8_17	13.1123	161.3699	344.1556	8.1723	258.7205	4.94
248	nelli_ch	nelli_ch_rise_8_15	13.1123	161.3699	344.1556	8.1523	258.4218	4.96
249	nelli_ch	nelli_ch_rise_8_13	13.1123	161.3699	344.1556	8.1323	258.1234	4.98
250	nelli_ch	nelli_ch_rise_8_11	13.1123	161.3699	344.1556	8.1123	257.8254	5
251	nelli_ch	nelli_ch_rise_8_09	13.1123	161.3699	344.1556	8.0923	257.5277	5.02
252	nelli_ch	nelli_ch_rise_8_07	13.1123	161.3699	344.1556	8.0723	257.2304	5.04
253	nelli_ch	nelli_ch_rise_8_05	13.1123	161.3699	344.1556	8.0523	256.9334	5.06
254	nelli_ch	nelli_ch_rise_8_03	13.1123	161.3699	344.1556	8.0323	256.6367	5.08
255	nelli_ch	nelli_ch_rise_8_01	13.1123	161.3699	344.1556	8.0123	256.3404	5.1
256	nelli_ch	nelli_ch_rise_7_99	13.1123	161.3699	344.1556	7.9923	256.0445	5.12
257	nelli_ch	nelli_ch_rise_7_97	13.1123	161.3699	344.1556	7.9723	255.7489	5.14
258	nelli_ch	nelli_ch_rise_7_95	13.1123	161.3699	344.1556	7.9523	255.4536	5.16
259	nelli_ch	nelli_ch_rise_7_93	13.1123	161.3699	344.1556	7.9323	255.1586	5.18
260	nelli_ch	nelli_ch_rise_7_91	13.1123	161.3699	344.1556	7.9123	254.864	5.2
261	nelli_ch	nelli_ch_rise_7_89	13.1123	161.3699	344.1556	7.8923	254.5698	5.22
262	nelli_ch	nelli_ch_rise_7_87	13.1123	161.3699	344.1556	7.8723	254.2758	5.24
263	nelli_ch	nelli_ch_rise_7_85	13.1123	161.3699	344.1556	7.8523	253.9823	5.26
264	nelli_ch	nelli_ch_rise_7_83	13.1123	161.3699	344.1556	7.8323	253.689	5.28
265	nelli_ch	nelli_ch_rise_7_81	13.1123	161.3699	344.1556	7.8123	253.3961	5.3
266	nelli_ch	nelli_ch_rise_7_79	13.1123	161.3699	344.1556	7.7923	253.1036	5.32
267	nelli_ch	nelli_ch_rise_7_77	13.1123	161.3699	344.1556	7.7723	252.8113	5.34
268	nelli_ch	nelli_ch_rise_7_75	13.1123	161.3699	344.1556	7.7523	252.5194	5.36
269	nelli_ch	nelli_ch_rise_7_73	13.1123	161.3699	344.1556	7.7323	252.2279	5.38
270	nelli_ch	nelli_ch_rise_7_71	13.1123	161.3699	344.1556	7.7123	251.9367	5.4
271	nelli_ch	nelli_ch_rise_7_69	13.1123	161.3699	344.1556	7.6923	251.6458	5.42
272	nelli_ch	nelli_ch_rise_7_67	13.1123	161.3699	344.1556	7.6723	251.3552	5.44
273	nelli_ch	nelli_ch_rise_7_65	13.1123	161.3699	344.1556	7.6523	251.065	5.46
274	nelli_ch	nelli_ch_rise_7_63	13.1123	161.3699	344.1556	7.6323	250.7752	5.48
275	nelli_ch	nelli_ch_rise_7_61	13.1123	161.3699	344.1556	7.6123	250.4856	5.5
276	nelli_ch	nelli_ch_rise_7_59	13.1123	161.3699	344.1556	7.5923	250.1964	5.52
277	nelli_ch	nelli_ch_rise_7_57	13.1123	161.3699	344.1556	7.5723	249.9075	5.54
278	nelli_ch	nelli_ch_rise_7_55	13.1123	161.3699	344.1556	7.5523	249.619	5.56
279	nelli_ch	nelli_ch_rise_7_53	13.1123	161.3699	344.1556	7.5323	249.3308	5.58
280	nelli_ch	nelli_ch_rise_7_51	13.1123	161.3699	344.1556	7.5123	249.0429	5.6
281	nelli_ch	nelli_ch_rise_7_49	13.1123	161.3699	344.1556	7.4923	248.7554	5.62
282	nelli_ch	nelli_ch_rise_7_47	13.1123	161.3699	344.1556	7.4723	248.4682	5.64
283	nelli_ch	nelli_ch_rise_7_45	13.1123	161.3699	344.1556	7.4523	248.1813	5.66
284	nelli_ch	nelli_ch_rise_7_43	13.1123	161.3699	344.1556	7.4323	247.8948	5.68
285	nelli_ch	nelli_ch_rise_7_41	13.1123	161.3699	344.1556	7.4123	247.6085	5.7
286	nelli_ch	nelli_ch_rise_7_39	13.1123	161.3699	344.1556	7.3923	247.3227	5.72
287	nelli_ch	nelli_ch_rise_7_37	13.1123	161.3699	344.1556	7.3723	247.0371	5.74
288	nelli_ch	nelli_ch_rise_7_35	13.1123	161.3699	344.1556	7.3523	246.7519	5.76
289	nelli_ch	nelli_ch_rise_7_33	13.1123	161.3699	344.1556	7.3323	246.467	5.78
290	nelli_ch	nelli_ch_rise_7_31	13.1123	161.3699	344.1556	7.3123	246.1824	5.8
291	nelli_ch	nelli_ch_rise_7_29	13.1123	161.3699	344.1556	7.2923	245.8982	5.82
292	nelli_ch	nelli_ch_rise_7_27	13.1123	161.3699	344.1556	7.2723	245.6143	5.84
293	nelli_ch	nelli_ch_rise_7_25	13.1123	161.3699	344.1556	7.2523	245.3307	5.86
294	nelli_ch	nelli_ch_rise_7_23	13.1123	161.3699	344.1556	7.2323	245.0474	5.88
295	nelli_ch	nelli_ch_rise_7_21	13.1123	161.3699	344.1556	7.2123	244.7645	5.9
296	nelli_ch	nelli_ch_rise_7_19	13.1123	161.3699	344.1556	7.1923	244.4819	5.92
297	nelli_ch	nelli_ch_rise_7_17	13.1123	161.3699	344.1556	7.1723	244.1996	5.94
298	nelli_ch	nelli_ch_rise_7_15	13.1123	161.3699	344.1556	7.1523	243.9177	5.96
299	nelli_ch	nelli_ch_rise_7_13	13.1123	161.3699	344.1556	7.1323	243.6361	5.98
300	nelli_ch	nelli_ch_rise_7_11	13.1123	161.3699	344.1556	7.1123	243.3548	6
301	nelli_ch	nelli_ch_rise_7_09	13.1123	161.3699	344.1556	7.0923	243.0738	6.02
302	nelli_ch	nelli_ch_rise_7_07	13.1123	161.3699	344.1556	7.0723	242.7932	6.04
303	nelli_ch	nelli_ch_rise_7_05	13.1123	161.3699	344.1556	7.0523	242.5128	6.06
304	nelli_ch	nelli_ch_rise_7_03	13.1123	161.3699	344.1556	7.0323	242.2328	6.08
305	nelli_ch	nelli_ch_rise_7_01	13.1123	161.3699	344.1556	7.0123	241.9532	6.1
306	nelli_ch	nelli_ch_rise_6_99	13.1123	161.3699	344.1556	6.9923	241.6738	6.12
307	nelli_ch	nelli_ch_rise_6_97	13.1123	161.3699	344.1556	6.9723	241.3948	6.14
308	nelli_ch	nelli_ch_rise_6_95	13.1123	161.3699	344.1556	6.9523	241.1161	6.16
309	nelli_ch	nelli_ch_rise_6_93	13.1123	161.3699	344.1556	6.9323	240.8377	6.18
310	nelli_ch	nelli_ch_rise_6_91	13.1123	161.3699	344.1556	6.9123	240.5596	6.2
311	nelli_ch	nelli_ch_rise_6_89	13.1123	161.3699	344.1556	6.8923	240.2819	6.22
312	nelli_ch	nelli_ch_rise_6_87	13.1123	161.3699	344.1556	6.8723	240.0044	6.24
313	nelli_ch	nelli_ch_rise_6_85	13.1123	161.3699	344.1556	6.8523	239.7273	6.26
314	nelli_ch	nelli_ch_rise_6_83	13.1123	161.3699	344.1556	6.8323	239.4506	6.28
315	nelli_ch	nelli_ch_rise_6_81	13.1123	161.3699	344.1556	6.8123	239.1741	6.3
316	nelli_ch	nelli_ch_rise_6_79	13.1123	161.3699	344.1556	6.7923	238.8979	6.32
317	nelli_ch	nelli_ch_rise_6_77	13.1123	161.3699	344.1556	6.7723	238.6221	6.34
318	nelli_ch	nelli_ch_rise_6_75	13.1123	161.3699	344.1556	6.7523	238.3466	6.36
319	nelli_ch	nelli_ch_rise_6_73	13.1123	161.3699	344.1556	6.7323	238.0714	6.38
320	nelli_ch	nelli_ch_rise_6_71	13.1123	161.3699	344.1556	6.7123	237.7965	6.4
321	nelli_ch	nelli_ch_rise_6_69	13.1123	161.3699	344.1556	6.6923	237.522	6.42
322	nelli_ch	nelli_ch_rise_6_67	13.1123	161.3699	344.1556	6.6723	237.2478	6.44
323	nelli_ch	nelli_ch_rise_6_65	13.1123	161.3699	344.1556	6.6523	236.9738	6.46
324	nelli_ch	nelli_ch_rise_6_63	13.1123	161.3699	344.1556	6.6323	236.7002	6.48
325	nelli_ch	nelli_ch_rise_6_61	13.1123	161.3699	344.1556	6.6123	236.4269	6.5
326	nelli_ch	nelli_ch_rise_6_59	13.1123	161.3699	344.1556	6.5923	236.154	6.52
327	nelli_ch	nelli_ch_rise_6_57	13.1123	161.3699	344.1556	6.5723	235.8813	6.54
328	nelli_ch	nelli_ch_rise_6_55	13.1123	161.3699	344.1556	6.5523	235.609	6.56
329	nelli_ch	nelli_ch_rise_6_53	13.1123	161.3699	344.1556	6.5323	235.3369	6.58
330	nelli_ch	nelli_ch_rise_6_51	13.1123	161.3699	344.1556	6.5123	235.0652	6.6
331	nelli_ch	nelli_ch_rise_6_49	13.1123	161.3699	344.1556	6.4923	234.7938	6.62
332	nelli_ch	nelli_ch_rise_6_47	13.1123	161.3699	344.1556	6.4723	234.5227	6.64
333	nelli_ch	nelli_ch_rise_6_45	13.1123	161.3699	344.1556	6.4523	234.252	6.66
334	nelli_ch	nelli_ch_rise_6_43	13.1123	161.3699	344.1556	6.4323	233.9815	6.68
335	nelli_ch	nelli_ch_rise_6_41	13.1123	161.3699	344.1556	6.4123	233.7113	6.7
336	nelli_ch	nelli_ch_rise_6_39	13.1123	161.3699	344.1556	6.3923	233.4415	6.72
337	nelli_ch	nelli_ch_rise_6_37	13.1123	161.3699	344.1556	6.3723	233.172	6.74
338	nelli_ch	nelli_ch_rise_6_35	13.1123	161.3699	344.1556	6.3523	232.9028	6.76
339	nelli_ch	nelli_ch_rise_6_33	13.1123	161.3699	344.1556	6.3323	232.6339	6.78
340	nelli_ch	nelli_ch_rise_6_31	13.1123	161.3699	344.1556	6.3123	232.3653	6.8
341	nelli_ch	nelli_ch_rise_6_29	13.1123	161.3699	344.1556	6.2923	232.097	6.82
342	nelli_ch	nelli_ch_rise_6_27	13.1123	161.3699	344.1556	6.2723	231.829	6.84
343	nelli_ch	nelli_ch_rise_6_25	13.1123	161.3699	344.1556	6.2523	231.5613	6.86
344	nelli_ch	nelli_ch_rise_6_23	13.1123	161.3699	344.1556	6.2323	231.294	6.88
345	nelli_ch	nelli_ch_rise_6_21	13.1123	161.3699	344.1556	6.2123	231.0269	6.9
346	nelli_ch	nelli_ch_rise_6_19	13.1123	161.3699	344.1556	6.1923	230.7602	6.92
347	nelli_ch	nelli_ch_rise_6_17	13.1123	161.3699	344.1556	6.1723	230.4938	6.94
348	nelli_ch	nelli_ch_rise_6_15	13.1123	161.3699	344.1556	6.1523	230.2276	6.96
349	nelli_ch	nelli_ch_rise_6_13	13.1123	161.3699	344.1556	6.1323	229.9618	6.98
350	nelli_ch	nelli_ch_rise_6_11	13.1123	161.3699	344.1556	6.1123	229.6963	7
351	nelli_ch	nelli_ch_rise_6_09	13.1123	161.3699	344.1556	6.0923	229.4311	7.02
352	nelli_ch	nelli_ch_rise_6_07	13.1123	161.3699	344.1556	6.0723	229.1662	7.04
353	nelli_ch	nelli_ch_rise_6_05	13.1123	161.3699	344.1556	6.0523	228.9016	7.06
354	nelli_ch	nelli_ch_rise_6_03	13.1123	161.3699	344.1556	6.0323	228.6373	7.08
355	nelli_ch	nelli_ch_rise_6_01	13.1123	161.3699	344.1556	6.0123	228.3734	7.1
356	nelli_ch	nelli_ch_rise_5_99	13.1123	161.3699	344.1556	5.9923	228.1097	7.12
357	nelli_ch	nelli_ch_rise_5_97	13.1123	161.3699	344.1556	5.9723	227.8463	7.14
358	nelli_ch	nelli_ch_rise_5_95	13.1123	161.3699	344.1556	5.9523	227.5833	7.16
359	nelli_ch	nelli_ch_rise_5_93	13.1123	161.3699	344.1556	5.9323	227.3205	7.18
360	nelli_ch	nelli_ch_rise_5_91	13.1123	161.3699	344.1556	5.9123	227.058	7.2
361	nelli_ch	nelli_ch_rise_5_89	13.1123	161.3699	344.1556	5.8923	226.7959	7.22
362	nelli_ch	nelli_ch_rise_5_87	13.1123	161.3699	344.1556	5.8723	226.534	7.24
363	nelli_ch	nelli_ch_rise_5_85	13.1123	161.3699	344.1556	5.8523	226.2725	7.26
364	nelli_ch	nelli_ch_rise_5_83	13.1123	161.3699	344.1556	5.8323	226.0112	7.28
365	nelli_ch	nelli_ch_rise_5_81	13.1123	161.3699	344.1556	5.8123	225.7503	7.3
366	nelli_ch	nelli_ch_rise_5_79	13.1123	161.3699	344.1556	5.7923	225.4896	7.32
367	nelli_ch	nelli_ch_rise_5_77	13.1123	161.3699	344.1556	5.7723	225.2293	7.34
368	nelli_ch	nelli_ch_rise_5_75	13.1123	161.3699	344.1556	5.7523	224.9692	7.36
369	nelli_ch	nelli_ch_rise_5_73	13.1123	161.3699	344.1556	5.7323	224.7095	7.38
370	nelli_ch	nelli_ch_rise_5_71	13.1123	161.3699	344.1556	5.7123	224.4501	7.4
371	nelli_ch	nelli_ch_rise_5_69	13.1123	161.3699	344.1556	5.6923	224.1909	7.42
372	nelli_ch	nelli_ch_rise_5_67	13.1123	161.3699	344.1556	5.6723	223.9321	7.44
373	nelli_ch	nelli_ch_rise_5_65	13.1123	161.3699	344.1556	5.6523	223.6735	7.46
374	nelli_ch	nelli_ch_rise_5_63	13.1123	161.3699	344.1556	5.6323	223.4153	7.48
375	nelli_ch	nelli_ch_rise_5_61	13.1123	161.3699	344.1556	5.6123	223.1573	7.5
376	nelli_ch	nelli_ch_rise_5_59	13.1123	161.3699	344.1556	5.5923	222.8997	7.52
377	nelli_ch	nelli_ch_rise_5_57	13.1123	161.3699	344.1556	5.5723	222.6423	7.54
378	nelli_ch	nelli_ch_rise_5_55	13.1123	161.3699	344.1556	5.5523	222.3852	7.56
379	nelli_ch	nelli_ch_rise_5_53	13.1123	161.3699	344.1556	5.5323	222.1285	7.58
380	nelli_ch	nelli_ch_rise_5_51	13.1123	161.3699	344.1556	5.5123	221.872	7.6
381	nelli_ch	nelli_ch_rise_5_49	13.1123	161.3699	344.1556	5.4923	221.6159	7.62
382	nelli_ch	nelli_ch_rise_5_47	13.1123	161.3699	344.1556	5.4723	221.36	7.64
383	nelli_ch	nelli_ch_rise_5_45	13.1123	161.3699	344.1556	5.4523	221.1044	7.66
384	nelli_ch	nelli_ch_rise_5_43	13.1123	161.3699	344.1556	5.4323	220.8491	7.68
385	nelli_ch	nelli_ch_rise_5_41	13.1123	161.3699	344.1556	5.4123	220.5941	7.7
386	nelli_ch	nelli_ch_rise_5_39	13.1123	161.3699	344.1556	5.3923	220.3394	7.72
387	nelli_ch	nelli_ch_rise_5_37	13.1123	161.3699	344.1556	5.3723	220.085	7.74
388	nelli_ch	nelli_ch_rise_5_35	13.1123	161.3699	344.1556	5.3523	219.8309	7.76
389	nelli_ch	nelli_ch_rise_5_33	13.1123	161.3699	344.1556	5.3323	219.5771	7.78
390	nelli_ch	nelli_ch_rise_5_31	13.1123	161.3699	344.1556	5.3123	219.3236	7.8
391	nelli_ch	nelli_ch_rise_5_29	13.1123	161.3699	344.1556	5.2923	219.0704	7.82
392	nelli_ch	nelli_ch_rise_5_27	13.1123	161.3699	344.1556	5.2723	218.8174	7.84
393	nelli_ch	nelli_ch_rise_5_25	13.1123	161.3699	344.1556	5.2523	218.5648	7.86
394	nelli_ch	nelli_ch_rise_5_23	13.1123	161.3699	344.1556	5.2323	218.3125	7.88
395	nelli_ch	nelli_ch_rise_5_21	13.1123	161.3699	344.1556	5.2123	218.0604	7.9
396	nelli_ch	nelli_ch_rise_5_19	13.1123	161.3699	344.1556	5.1923	217.8086	7.92
397	nelli_ch	nelli_ch_rise_5_17	13.1123	161.3699	344.1556	5.1723	217.5571	7.94
398	nelli_ch	nelli_ch_rise_5_15	13.1123	161.3699	344.1556	5.1523	217.306	7.96
399	nelli_ch	nelli_ch_rise_5_13	13.1123	161.3699	344.1556	5.1323	217.0551	7.98
400	nelli_ch	nelli_ch_rise_5_11	13.1123	161.3699	344.1556	5.1123	216.8045	8
401	nelli_ch	nelli_ch_rise_5_09	13.1123	161.3699	344.1556	5.0923	216.5541	8.02
402	nelli_ch	nelli_ch_rise_5_07	13.1123	161.3699	344.1556	5.0723	216.3041	8.04
403	nelli_ch	nelli_ch_rise_5_05	13.1123	161.3699	344.1556	5.0523	216.0544	8.06
404	nelli_ch	nelli_ch_rise_5_03	13.1123	161.3699	344.1556	5.0323	215.8049	8.08
405	nelli_ch	nelli_ch_rise_5_01	13.1123	161.3699	344.1556	5.0123	215.5558	8.1
406	nelli_ch	nelli_ch_rise_4_99	13.1123	161.3699	344.1556	4.9923	215.3069	8.12
407	nelli_ch	nelli_ch_rise_4_97	13.1123	161.3699	344.1556	4.9723	215.0583	8.14
408	nelli_ch	nelli_ch_rise_4_95	13.1123	161.3699	344.1556	4.9523	214.81	8.16
409	nelli_ch	nelli_ch_rise_4_93	13.1123	161.3699	344.1556	4.9323	214.562	8.18
410	nelli_ch	nelli_ch_rise_4_91	13.1123	161.3699	344.1556	4.9123	214.3142	8.2
411	nelli_ch	nelli_ch_rise_4_89	13.1123	161.3699	344.1556	4.8923	214.0668	8.22
412	nelli_ch	nelli_ch_rise_4_87	13.1123	161.3699	344.1556	4.8723	213.8196	8.24
413	nelli_ch	nelli_ch_rise_4_85	13.1123	161.3699	344.1556	4.8523	213.5728	8.26
414	nelli_ch	nelli_ch_rise_4_83	13.1123	161.3699	344.1556	4.8323	213.3262	8.28
415	nelli_ch	nelli_ch_rise_4_81	13.1123	161.3699	344.1556	4.8123	213.0799	8.3
416	nelli_ch	nelli_ch_rise_4_79	13.1123	161.3699	344.1556	4.7923	212.8339	8.32
417	nelli_ch	nelli_ch_rise_4_77	13.1123	161.3699	344.1556	4.7723	212.5881	8.34
418	nelli_ch	nelli_ch_rise_4_75	13.1123	161.3699	344.1556	4.7523	212.3427	8.36
419	nelli_ch	nelli_ch_rise_4_73	13.1123	161.3699	344.1556	4.7323	212.0975	8.38
420	nelli_ch	nelli_ch_rise_4_71	13.1123	161.3699	344.1556	4.7123	211.8526	8.4
421	nelli_ch	nelli_ch_rise_4_69	13.1123	161.3699	344.1556	4.6923	211.608	8.42
422	nelli_ch	nelli_ch_rise_4_67	13.1123	161.3699	344.1556	4.6723	211.3637	8.44
423	nelli_ch	nelli_ch_rise_4_65	13.1123	161.3699	344.1556	4.6523	211.1197	8.46
424	nelli_ch	nelli_ch_rise_4_63	13.1123	161.3699	344.1556	4.6323	210.8759	8.48
425	nelli_ch	nelli_ch_rise_4_61	13.1123	161.3699	344.1556	4.6123	210.6325	8.5
426	nelli_ch	nelli_ch_rise_4_59	13.1123	161.3699	344.1556	4.5923	210.3893	8.52
427	nelli_ch	nelli_ch_rise_4_57	13.1123	161.3699	344.1556	4.5723	210.1464	8.54
428	nelli_ch	nelli_ch_rise_4_55	13.1123	161.3699	344.1556	4.5523	209.9037	8.56
429	nelli_ch	nelli_ch_rise_4_53	13.1123	161.3699	344.1556	4.5323	209.6614	8.58
430	nelli_ch	nelli_ch_rise_4_51	13.1123	161.3699	344.1556	4.5123	209.4193	8.6
431	nelli_ch	nelli_ch_rise_4_49	13.1123	161.3699	344.1556	4.4923	209.1775	8.62
432	nelli_ch	nelli_ch_rise_4_47	13.1123	161.3699	344.1556	4.4723	208.936	8.64
433	nelli_ch	nelli_ch_rise_4_45	13.1123	161.3699	344.1556	4.4523	208.6948	8.66
434	nelli_ch	nelli_ch_rise_4_43	13.1123	161.3699	344.1556	4.4323	208.4538	8.68
435	nelli_ch	nelli_ch_rise_4_41	13.1123	161.3699	344.1556	4.4123	208.2131	8.7
436	nelli_ch	nelli_ch_rise_4_39	13.1123	161.3699	344.1556	4.3923	207.9727	8.72
437	nelli_ch	nelli_ch_rise_4_37	13.1123	161.3699	344.1556	4.3723	207.7326	8.74
438	nelli_ch	nelli_ch_rise_4_35	13.1123	161.3699	344.1556	4.3523	207.4928	8.76
439	nelli_ch	nelli_ch_rise_4_33	13.1123	161.3699	344.1556	4.3323	207.2532	8.78
440	nelli_ch	nelli_ch_rise_4_31	13.1123	161.3699	344.1556	4.3123	207.0139	8.8
441	nelli_ch	nelli_ch_rise_4_29	13.1123	161.3699	344.1556	4.2923	206.7749	8.82
442	nelli_ch	nelli_ch_rise_4_27	13.1123	161.3699	344.1556	4.2723	206.5362	8.84
443	nelli_ch	nelli_ch_rise_4_25	13.1123	161.3699	344.1556	4.2523	206.2977	8.86
444	nelli_ch	nelli_ch_rise_4_23	13.1123	161.3699	344.1556	4.2323	206.0595	8.88
445	nelli_ch	nelli_ch_rise_4_21	13.1123	161.3699	344.1556	4.2123	205.8216	8.9
446	nelli_ch	nelli_ch_rise_4_19	13.1123	161.3699	344.1556	4.1923	205.584	8.92
447	nelli_ch	nelli_ch_rise_4_17	13.1123	161.3699	344.1556	4.1723	205.3466	8.94
448	nelli_ch	nelli_ch_rise_4_15	13.1123	161.3699	344.1556	4.1523	205.1095	8.96
449	nelli_ch	nelli_ch_rise_4_13	13.1123	161.3699	344.1556	4.1323	204.8727	8.98
450	nelli_ch	nelli_ch_rise_4_11	13.1123	161.3699	344.1556	4.1123	204.6362	9
451	nelli_ch	nelli_ch_rise_4_09	13.1123	161.3699	344.1556	4.0923	204.3999	9.02
452	nelli_ch	nelli_ch_rise_4_07	13.1123	161.3699	344.1556	4.0723	204.1639	9.04
453	nelli_ch	nelli_ch_rise_4_05	13.1123	161.3699	344.1556	4.0523	203.9282	9.06
454	nelli_ch	nelli_ch_rise_4_03	13.1123	161.3699	344.1556	4.0323	203.6927	9.08
455	nelli_ch	nelli_ch_rise_4_01	13.1123	161.3699	344.1556	4.0123	203.4575	9.1
456	nelli_ch	nelli_ch_rise_3_99	13.1123	161.3699	344.1556	3.9923	203.2226	9.12
457	nelli_ch	nelli_ch_rise_3_97	13.1123	161.3699	344.1556	3.9723	202.988	9.14
458	nelli_ch	nelli_ch_rise_3_95	13.1123	161.3699	344.1556	3.9523	202.7536	9.16
459	nelli_ch	nelli_ch_rise_3_93	13.1123	161.3699	344.1556	3.9323	202.5195	9.18
460	nelli_ch	nelli_ch_rise_3_91	13.1123	161.3699	344.1556	3.9123	202.2857	9.2
461	nelli_ch	nelli_ch_rise_3_89	13.1123	161.3699	344.1556	3.8923	202.0522	9.22
462	nelli_ch	nelli_ch_rise_3_87	13.1123	161.3699	344.1556	3.8723	201.8189	9.24
463	nelli_ch	nelli_ch_rise_3_85	13.1123	161.3699	344.1556	3.8523	201.5859	9.26
464	nelli_ch	nelli_ch_rise_3_83	13.1123	161.3699	344.1556	3.8323	201.3531	9.28
465	nelli_ch	nelli_ch_rise_3_81	13.1123	161.3699	344.1556	3.8123	201.1206	9.3
466	nelli_ch	nelli_ch_rise_3_79	13.1123	161.3699	344.1556	3.7923	200.8884	9.32
467	nelli_ch	nelli_ch_rise_3_77	13.1123	161.3699	344.1556	3.7723	200.6565	9.34
468	nelli_ch	nelli_ch_rise_3_75	13.1123	161.3699	344.1556	3.7523	200.4248	9.36
469	nelli_ch	nelli_ch_rise_3_73	13.1123	161.3699	344.1556	3.7323	200.1934	9.38
470	nelli_ch	nelli_ch_rise_3_71	13.1123	161.3699	344.1556	3.7123	199.9623	9.4
471	nelli_ch	nelli_ch_rise_3_69	13.1123	161.3699	344.1556	3.6923	199.7314	9.42
472	nelli_ch	nelli_ch_rise_3_67	13.1123	161.3699	344.1556	3.6723	199.5008	9.44
473	nelli_ch	nelli_ch_rise_3_65	13.1123	161.3699	344.1556	3.6523	199.2704	9.46
474	nelli_ch	nelli_ch_rise_3_63	13.1123	161.3699	344.1556	3.6323	199.0404	9.48
475	nelli_ch	nelli_ch_rise_3_61	13.1123	161.3699	344.1556	3.6123	198.8106	9.5
476	nelli_ch	nelli_ch_rise_3_59	13.1123	161.3699	344.1556	3.5923	198.581	9.52
477	nelli_ch	nelli_ch_rise_3_57	13.1123	161.3699	344.1556	3.5723	198.3517	9.54
478	nelli_ch	nelli_ch_rise_3_55	13.1123	161.3699	344.1556	3.5523	198.1227	9.56
479	nelli_ch	nelli_ch_rise_3_53	13.1123	161.3699	344.1556	3.5323	197.894	9.58
480	nelli_ch	nelli_ch_rise_3_51	13.1123	161.3699	344.1556	3.5123	197.6655	9.6
481	nelli_ch	nelli_ch_rise_3_49	13.1123	161.3699	344.1556	3.4923	197.4373	9.62
482	nelli_ch	nelli_ch_rise_3_47	13.1123	161.3699	344.1556	3.4723	197.2093	9.64
483	nelli_ch	nelli_ch_rise_3_45	13.1123	161.3699	344.1556	3.4523	196.9816	9.66
484	nelli_ch	nelli_ch_rise_3_43	13.1123	161.3699	344.1556	3.4323	196.7542	9.68
485	nelli_ch	nelli_ch_rise_3_41	13.1123	161.3699	344.1556	3.4123	196.527	9.7
486	nelli_ch	nelli_ch_rise_3_39	13.1123	161.3699	344.1556	3.3923	196.3001	9.72
487	nelli_ch	nelli_ch_rise_3_37	13.1123	161.3699	344.1556	3.3723	196.0735	9.74
488	nelli_ch	nelli_ch_rise_3_35	13.1123	161.3699	344.1556	3.3523	195.8471	9.76
489	nelli_ch	nelli_ch_rise_3_33	13.1123	161.3699	344.1556	3.3323	195.621	9.78
490	nelli_ch	nelli_ch_rise_3_31	13.1123	161.3699	344.1556	3.3123	195.3951	9.8
491	nelli_ch	nelli_ch_rise_3_29	13.1123	161.3699	344.1556	3.2923	195.1695	9.82
492	nelli_ch	nelli_ch_rise_3_27	13.1123	161.3699	344.1556	3.2723	194.9442	9.84
493	nelli_ch	nelli_ch_rise_3_25	13.1123	161.3699	344.1556	3.2523	194.7191	9.86
494	nelli_ch	nelli_ch_rise_3_23	13.1123	161.3699	344.1556	3.2323	194.4943	9.88
495	nelli_ch	nelli_ch_rise_3_21	13.1123	161.3699	344.1556	3.2123	194.2697	9.9
496	nelli_ch	nelli_ch_rise_3_19	13.1123	161.3699	344.1556	3.1923	194.0454	9.92
497	nelli_ch	nelli_ch_rise_3_17	13.1123	161.3699	344.1556	3.1723	193.8214	9.94
498	nelli_ch	nelli_ch_rise_3_15	13.1123	161.3699	344.1556	3.1523	193.5976	9.96
499	nelli_ch	nelli_ch_rise_3_13	13.1123	161.3699	344.1556	3.1323	193.3741	9.98
500	nelli_ch	nelli_ch_rise_3_11	13.1123	161.3699	344.1556	3.1123	193.1508	10
501	nelli_ch	nelli_ch_rise_3_09	13.1123	161.3699	344.1556	3.0923	192.9278	10.02
502	nelli_ch	nelli_ch_rise_3_07	13.1123	161.3699	344.1556	3.0723	192.7051	10.04
503	nelli_ch	nelli_ch_rise_3_05	13.1123	161.3699	344.1556	3.0523	192.4826	10.06
504	nelli_ch	nelli_ch_rise_3_03	13.1123	161.3699	344.1556	3.0323	192.2603	10.08
505	nelli_ch	nelli_ch_rise_3_01	13.1123	161.3699	344.1556	3.0123	192.0383	10.1
506	nelli_ch	nelli_ch_rise_2_99	13.1123	161.3699	344.1556	2.9923	191.8166	10.12
507	nelli_ch	nelli_ch_rise_2_97	13.1123	161.3699	344.1556	2.9723	191.5952	10.14
508	nelli_ch	nelli_ch_rise_2_95	13.1123	161.3699	344.1556	2.9523	191.3739	10.16
509	nelli_ch	nelli_ch_rise_2_93	13.1123	161.3699	344.1556	2.9323	191.153	10.18
510	nelli_ch	nelli_ch_rise_2_91	13.1123	161.3699	344.1556	2.9123	190.9323	10.2
511	nelli_ch	nelli_ch_rise_2_89	13.1123	161.3699	344.1556	2.8923	190.7118	10.22
512	nelli_ch	nelli_ch_rise_2_87	13.1123	161.3699	344.1556	2.8723	190.4916	10.24
513	nelli_ch	nelli_ch_rise_2_85	13.1123	161.3699	344.1556	2.8523	190.2717	10.26
514	nelli_ch	nelli_ch_rise_2_83	13.1123	161.3699	344.1556	2.8323	190.052	10.28
515	nelli_ch	nelli_ch_rise_2_81	13.1123	161.3699	344.1556	2.8123	189.8326	10.3
516	nelli_ch	nelli_ch_rise_2_79	13.1123	161.3699	344.1556	2.7923	189.6134	10.32
517	nelli_ch	nelli_ch_rise_2_77	13.1123	161.3699	344.1556	2.7723	189.3945	10.34
518	nelli_ch	nelli_ch_rise_2_75	13.1123	161.3699	344.1556	2.7523	189.1758	10.36
519	nelli_ch	nelli_ch_rise_2_73	13.1123	161.3699	344.1556	2.7323	188.9574	10.38
520	nelli_ch	nelli_ch_rise_2_71	13.1123	161.3699	344.1556	2.7123	188.7392	10.4
521	nelli_ch	nelli_ch_rise_2_69	13.1123	161.3699	344.1556	2.6923	188.5213	10.42
522	nelli_ch	nelli_ch_rise_2_67	13.1123	161.3699	344.1556	2.6723	188.3037	10.44
523	nelli_ch	nelli_ch_rise_2_65	13.1123	161.3699	344.1556	2.6523	188.0863	10.46
524	nelli_ch	nelli_ch_rise_2_63	13.1123	161.3699	344.1556	2.6323	187.8691	10.48
525	nelli_ch	nelli_ch_rise_2_61	13.1123	161.3699	344.1556	2.6123	187.6522	10.5
526	nelli_ch	nelli_ch_rise_2_59	13.1123	161.3699	344.1556	2.5923	187.4355	10.52
527	nelli_ch	nelli_ch_rise_2_57	13.1123	161.3699	344.1556	2.5723	187.2191	10.54
528	nelli_ch	nelli_ch_rise_2_55	13.1123	161.3699	344.1556	2.5523	187.003	10.56
529	nelli_ch	nelli_ch_rise_2_53	13.1123	161.3699	344.1556	2.5323	186.787	10.58
530	nelli_ch	nelli_ch_rise_2_51	13.1123	161.3699	344.1556	2.5123	186.5714	10.6
531	nelli_ch	nelli_ch_rise_2_49	13.1123	161.3699	344.1556	2.4923	186.356	10.62
532	nelli_ch	nelli_ch_rise_2_47	13.1123	161.3699	344.1556	2.4723	186.1408	10.64
533	nelli_ch	nelli_ch_rise_2_45	13.1123	161.3699	344.1556	2.4523	185.9259	10.66
534	nelli_ch	nelli_ch_rise_2_43	13.1123	161.3699	344.1556	2.4323	185.7112	10.68
535	nelli_ch	nelli_ch_rise_2_41	13.1123	161.3699	344.1556	2.4123	185.4968	10.7
536	nelli_ch	nelli_ch_rise_2_39	13.1123	161.3699	344.1556	2.3923	185.2826	10.72
537	nelli_ch	nelli_ch_rise_2_37	13.1123	161.3699	344.1556	2.3723	185.0687	10.74
538	nelli_ch	nelli_ch_rise_2_35	13.1123	161.3699	344.1556	2.3523	184.855	10.76
539	nelli_ch	nelli_ch_rise_2_33	13.1123	161.3699	344.1556	2.3323	184.6416	10.78
540	nelli_ch	nelli_ch_rise_2_31	13.1123	161.3699	344.1556	2.3123	184.4284	10.8
541	nelli_ch	nelli_ch_rise_2_29	13.1123	161.3699	344.1556	2.2923	184.2155	10.82
542	nelli_ch	nelli_ch_rise_2_27	13.1123	161.3699	344.1556	2.2723	184.0028	10.84
543	nelli_ch	nelli_ch_rise_2_25	13.1123	161.3699	344.1556	2.2523	183.7904	10.86
544	nelli_ch	nelli_ch_rise_2_23	13.1123	161.3699	344.1556	2.2323	183.5782	10.88
545	nelli_ch	nelli_ch_rise_2_21	13.1123	161.3699	344.1556	2.2123	183.3662	10.9
546	nelli_ch	nelli_ch_rise_2_19	13.1123	161.3699	344.1556	2.1923	183.1545	10.92
547	nelli_ch	nelli_ch_rise_2_17	13.1123	161.3699	344.1556	2.1723	182.943	10.94
548	nelli_ch	nelli_ch_rise_2_15	13.1123	161.3699	344.1556	2.1523	182.7318	10.96
549	nelli_ch	nelli_ch_rise_2_13	13.1123	161.3699	344.1556	2.1323	182.5208	10.98
550	nelli_ch	nelli_ch_rise_2_11	13.1123	161.3699	344.1556	2.1123	182.3101	11
551	nelli_ch	nelli_ch_rise_2_09	13.1123	161.3699	344.1556	2.0923	182.0996	11.02
552	nelli_ch	nelli_ch_rise_2_07	13.1123	161.3699	344.1556	2.0723	181.8894	11.04
553	nelli_ch	nelli_ch_rise_2_05	13.1123	161.3699	344.1556	2.0523	181.6793	11.06
554	nelli_ch	nelli_ch_rise_2_03	13.1123	161.3699	344.1556	2.0323	181.4696	11.08
555	nelli_ch	nelli_ch_rise_2_01	13.1123	161.3699	344.1556	2.0123	181.2601	11.1
556	nelli_ch	nelli_ch_rise_1_99	13.1123	161.3699	344.1556	1.9923	181.0508	11.12
557	nelli_ch	nelli_ch_rise_1_97	13.1123	161.3699	344.1556	1.9723	180.8417	11.14
558	nelli_ch	nelli_ch_rise_1_95	13.1123	161.3699	344.1556	1.9523	180.633	11.16
559	nelli_ch	nelli_ch_rise_1_93	13.1123	161.3699	344.1556	1.9323	180.4244	11.18
560	nelli_ch	nelli_ch_rise_1_91	13.1123	161.3699	344.1556	1.9123	180.2161	11.2
561	nelli_ch	nelli_ch_rise_1_89	13.1123	161.3699	344.1556	1.8923	180.008	11.22
562	nelli_ch	nelli_ch_rise_1_87	13.1123	161.3699	344.1556	1.8723	179.8002	11.24
563	nelli_ch	nelli_ch_rise_1_85	13.1123	161.3699	344.1556	1.8523	179.5926	11.26
564	nelli_ch	nelli_ch_rise_1_83	13.1123	161.3699	344.1556	1.8323	179.3852	11.28
565	nelli_ch	nelli_ch_rise_1_81	13.1123	161.3699	344.1556	1.8123	179.1781	11.3
566	nelli_ch	nelli_ch_rise_1_79	13.1123	161.3699	344.1556	1.7923	178.9712	11.32
567	nelli_ch	nelli_ch_rise_1_77	13.1123	161.3699	344.1556	1.7723	178.7646	11.34
568	nelli_ch	nelli_ch_rise_1_75	13.1123	161.3699	344.1556	1.7523	178.5582	11.36
569	nelli_ch	nelli_ch_rise_1_73	13.1123	161.3699	344.1556	1.7323	178.352	11.38
570	nelli_ch	nelli_ch_rise_1_71	13.1123	161.3699	344.1556	1.7123	178.1461	11.4
571	nelli_ch	nelli_ch_rise_1_69	13.1123	161.3699	344.1556	1.6923	177.9404	11.42
572	nelli_ch	nelli_ch_rise_1_67	13.1123	161.3699	344.1556	1.6723	177.735	11.44
573	nelli_ch	nelli_ch_rise_1_65	13.1123	161.3699	344.1556	1.6523	177.5298	11.46
574	nelli_ch	nelli_ch_rise_1_63	13.1123	161.3699	344.1556	1.6323	177.3248	11.48
575	nelli_ch	nelli_ch_rise_1_61	13.1123	161.3699	344.1556	1.6123	177.1201	11.5
576	nelli_ch	nelli_ch_rise_1_59	13.1123	161.3699	344.1556	1.5923	176.9156	11.52
577	nelli_ch	nelli_ch_rise_1_57	13.1123	161.3699	344.1556	1.5723	176.7113	11.54
578	nelli_ch	nelli_ch_rise_1_55	13.1123	161.3699	344.1556	1.5523	176.5073	11.56
579	nelli_ch	nelli_ch_rise_1_53	13.1123	161.3699	344.1556	1.5323	176.3035	11.58
580	nelli_ch	nelli_ch_rise_1_51	13.1123	161.3699	344.1556	1.5123	176.0999	11.6
581	nelli_ch	nelli_ch_rise_1_49	13.1123	161.3699	344.1556	1.4923	175.8966	11.62
582	nelli_ch	nelli_ch_rise_1_47	13.1123	161.3699	344.1556	1.4723	175.6935	11.64
583	nelli_ch	nelli_ch_rise_1_45	13.1123	161.3699	344.1556	1.4523	175.4907	11.66
584	nelli_ch	nelli_ch_rise_1_43	13.1123	161.3699	344.1556	1.4323	175.2881	11.68
585	nelli_ch	nelli_ch_rise_1_41	13.1123	161.3699	344.1556	1.4123	175.0857	11.7
586	nelli_ch	nelli_ch_rise_1_39	13.1123	161.3699	344.1556	1.3923	174.8835	11.72
587	nelli_ch	nelli_ch_rise_1_37	13.1123	161.3699	344.1556	1.3723	174.6816	11.74
588	nelli_ch	nelli_ch_rise_1_35	13.1123	161.3699	344.1556	1.3523	174.4799	11.76
589	nelli_ch	nelli_ch_rise_1_33	13.1123	161.3699	344.1556	1.3323	174.2785	11.78
590	nelli_ch	nelli_ch_rise_1_31	13.1123	161.3699	344.1556	1.3123	174.0773	11.8
591	nelli_ch	nelli_ch_rise_1_29	13.1123	161.3699	344.1556	1.2923	173.8763	11.82
592	nelli_ch	nelli_ch_rise_1_27	13.1123	161.3699	344.1556	1.2723	173.6755	11.84
593	nelli_ch	nelli_ch_rise_1_25	13.1123	161.3699	344.1556	1.2523	173.475	11.86
594	nelli_ch	nelli_ch_rise_1_23	13.1123	161.3699	344.1556	1.2323	173.2747	11.88
595	nelli_ch	nelli_ch_rise_1_21	13.1123	161.3699	344.1556	1.2123	173.0746	11.9
596	nelli_ch	nelli_ch_rise_1_19	13.1123	161.3699	344.1556	1.1923	172.8748	11.92
597	nelli_ch	nelli_ch_rise_1_17	13.1123	161.3699	344.1556	1.1723	172.6752	11.94
598	nelli_ch	nelli_ch_rise_1_15	13.1123	161.3699	344.1556	1.1523	172.4759	11.96
599	nelli_ch	nelli_ch_rise_1_13	13.1123	161.3699	344.1556	1.1323	172.2767	11.98
600	nelli_ch	nelli_ch_rise_1_11	13.1123	161.3699	344.1556	1.1123	172.0778	12
601	nelli_ch	nelli_ch_rise_1_09	13.1123	161.3699	344.1556	1.0923	171.8791	12.02
602	nelli_ch	nelli_ch_rise_1_07	13.1123	161.3699	344.1556	1.0723	171.6807	12.04
603	nelli_ch	nelli_ch_rise_1_05	13.1123	161.3699	344.1556	1.0523	171.4825	12.06
604	nelli_ch	nelli_ch_rise_1_03	13.1123	161.3699	344.1556	1.0323	171.2845	12.08
605	nelli_ch	nelli_ch_rise_1_01	13.1123	161.3699	344.1556	1.0123	171.0867	12.1
606	nelli_ch	nelli_ch_rise_0_99	13.1123	161.3699	344.1556	0.9923	170.8892	12.12
607	nelli_ch	nelli_ch_rise_0_97	13.1123	161.3699	344.1556	0.9723	170.6919	12.14
608	nelli_ch	nelli_ch_rise_0_95	13.1123	161.3699	344.1556	0.9523	170.4948	12.16
609	nelli_ch	nelli_ch_rise_0_93	13.1123	161.3699	344.1556	0.9323	170.298	12.18
610	nelli_ch	nelli_ch_rise_0_91	13.1123	161.3699	344.1556	0.9123	170.1013	12.2
611	nelli_ch	nelli_ch_rise_0_89	13.1123	161.3699	344.1556	0.8923	169.9049	12.22
612	nelli_ch	nelli_ch_rise_0_87	13.1123	161.3699	344.1556	0.8723	169.7088	12.24
613	nelli_ch	nelli_ch_rise_0_85	13.1123	161.3699	344.1556	0.8523	169.5128	12.26
614	nelli_ch	nelli_ch_rise_0_83	13.1123	161.3699	344.1556	0.8323	169.3171	12.28
615	nelli_ch	nelli_ch_rise_0_81	13.1123	161.3699	344.1556	0.8123	169.1216	12.3
616	nelli_ch	nelli_ch_rise_0_79	13.1123	161.3699	344.1556	0.7923	168.9264	12.32
617	nelli_ch	nelli_ch_rise_0_77	13.1123	161.3699	344.1556	0.7723	168.7313	12.34
618	nelli_ch	nelli_ch_rise_0_75	13.1123	161.3699	344.1556	0.7523	168.5365	12.36
619	nelli_ch	nelli_ch_rise_0_73	13.1123	161.3699	344.1556	0.7323	168.3419	12.38
620	nelli_ch	nelli_ch_rise_0_71	13.1123	161.3699	344.1556	0.7123	168.1475	12.4
621	nelli_ch	nelli_ch_rise_0_69	13.1123	161.3699	344.1556	0.6923	167.9534	12.42
622	nelli_ch	nelli_ch_rise_0_67	13.1123	161.3699	344.1556	0.6723	167.7595	12.44
623	nelli_ch	nelli_ch_rise_0_65	13.1123	161.3699	344.1556	0.6523	167.5658	12.46
624	nelli_ch	nelli_ch_rise_0_63	13.1123	161.3699	344.1556	0.6323	167.3723	12.48
625	nelli_ch	nelli_ch_rise_0_61	13.1123	161.3699	344.1556	0.6123	167.1791	12.5
626	nelli_ch	nelli_ch_rise_0_59	13.1123	161.3699	344.1556	0.5923	166.9861	12.52
627	nelli_ch	nelli_ch_rise_0_57	13.1123	161.3699	344.1556	0.5723	166.7933	12.54
628	nelli_ch	nelli_ch_rise_0_55	13.1123	161.3699	344.1556	0.5523	166.6007	12.56
629	nelli_ch	nelli_ch_rise_0_53	13.1123	161.3699	344.1556	0.5323	166.4083	12.58
630	nelli_ch	nelli_ch_rise_0_51	13.1123	161.3699	344.1556	0.5123	166.2162	12.6
631	nelli_ch	nelli_ch_rise_0_49	13.1123	161.3699	344.1556	0.4923	166.0243	12.62
632	nelli_ch	nelli_ch_rise_0_47	13.1123	161.3699	344.1556	0.4723	165.8326	12.64
633	nelli_ch	nelli_ch_rise_0_45	13.1123	161.3699	344.1556	0.4523	165.6411	12.66
634	nelli_ch	nelli_ch_rise_0_43	13.1123	161.3699	344.1556	0.4323	165.4499	12.68
635	nelli_ch	nelli_ch_rise_0_41	13.1123	161.3699	344.1556	0.4123	165.2589	12.7
636	nelli_ch	nelli_ch_rise_0_39	13.1123	161.3699	344.1556	0.3923	165.0681	12.72
637	nelli_ch	nelli_ch_rise_0_37	13.1123	161.3699	344.1556	0.3723	164.8775	12.74
638	nelli_ch	nelli_ch_rise_0_35	13.1123	161.3699	344.1556	0.3523	164.6871	12.76
639	nelli_ch	nelli_ch_rise_0_33	13.1123	161.3699	344.1556	0.3323	164.497	12.78
640	nelli_ch	nelli_ch_rise_0_31	13.1123	161.3699	344.1556	0.3123	164.3071	12.8
641	nelli_ch	nelli_ch_rise_0_29	13.1123	161.3699	344.1556	0.2923	164.1173	12.82
642	nelli_ch	nelli_ch_rise_0_27	13.1123	161.3699	344.1556	0.2723	163.9279	12.84
643	nelli_ch	nelli_ch_rise_0_25	13.1123	161.3699	344.1556	0.2523	163.7386	12.86
644	nelli_ch	nelli_ch_rise_0_23	13.1123	161.3699	344.1556	0.2323	163.5495	12.88
645	nelli_ch	nelli_ch_rise_0_21	13.1123	161.3699	344.1556	0.2123	163.3607	12.9
646	nelli_ch	nelli_ch_rise_0_19	13.1123	161.3699	344.1556	0.1923	163.1721	12.92
647	nelli_ch	nelli_ch_rise_0_17	13.1123	161.3699	344.1556	0.1723	162.9837	12.94
648	nelli_ch	nelli_ch_rise_0_15	13.1123	161.3699	344.1556	0.1523	162.7955	12.96
649	nelli_ch	nelli_ch_rise_0_13	13.1123	161.3699	344.1556	0.1323	162.6076	12.98
650	nelli_ch	nelli_ch_rise_0_11	13.1123	161.3699	344.1556	0.1123	162.4198	13
651	nelli_ch	nelli_ch_rise_0_09	13.1123	161.3699	344.1556	0.0923	162.2323	13.02
652	nelli_ch	nelli_ch_rise_0_07	13.1123	161.3699	344.1556	0.0723	162.045	13.04
653	nelli_ch	nelli_ch_rise_0_05	13.1123	161.3699	344.1556	0.0523	161.8579	13.06
654	nelli_ch	nelli_ch_rise_0_03	13.1123	161.3699	344.1556	0.0323	161.671	13.08
655	nelli_ch	nelli_ch_rise_0_01	13.1123	161.3699	344.1556	0.0123	161.4844	13.1
0	nelli_ch	nelli_ch_rise_13_11	13.1123	161.3699	344.1556	13.1123	344.1556	0

