subject,date,task,session_type,run,trial,recording_A,recording_X,recording_B,response,correct,difference,step-size,reversals,direction
002,2023-04-18_22h29.26.868,pause,practice,0,2,audio/audio-pause/ch/lilli_lisa_ch_pause_0_550.wav,audio/audio-pause/ch/lilli_lisa_ch_pause_0_550.wav,audio/audio-pause/ch/lilli_lisa_ch_pause_0_005.wav,right,True,0.545,0.015,-1,down
002,2023-04-18_22h29.26.868,pause,practice,0,3,audio/audio-pause/ch/lilli_lisa_ch_pause_0_535.wav,audio/audio-pause/ch/lilli_lisa_ch_pause_0_005.wav,audio/audio-pause/ch/lilli_lisa_ch_pause_0_005.wav,left,True,0.53,0.015,0,down
002,2023-04-18_22h29.26.868,pause,practice,0,4,audio/audio-pause/ch/lilli_lisa_ch_pause_0_005.wav,audio/audio-pause/ch/lilli_lisa_ch_pause_0_520.wav,audio/audio-pause/ch/lilli_lisa_ch_pause_0_520.wav,left,True,0.515,0.015,0,down
002,2023-04-18_22h29.26.868,pause,practice,0,5,audio/audio-pause/ch/lilli_lisa_ch_pause_0_505.wav,audio/audio-pause/ch/lilli_lisa_ch_pause_0_505.wav,audio/audio-pause/ch/lilli_lisa_ch_pause_0_005.wav,right,True,0.5,0.015,0,down
