subject,date,task,session_type,run,trial,recording_A,recording_X,recording_B,response,correct,difference,step-size,reversals,direction
002,2023-04-18_22h29.26.868,pause,trial,1,1,audio/audio-pause/ch/lilli_lisa_ch_pause_0_005.wav,audio/audio-pause/ch/lilli_lisa_ch_pause_0_550.wav,audio/audio-pause/ch/lilli_lisa_ch_pause_0_550.wav,left,True,0.545,0.015,0,down
002,2023-04-18_22h29.26.868,pause,trial,1,2,audio/audio-pause/ch/lilli_lisa_ch_pause_0_005.wav,audio/audio-pause/ch/lilli_lisa_ch_pause_0_535.wav,audio/audio-pause/ch/lilli_lisa_ch_pause_0_535.wav,left,True,0.53,0.015,0,down
002,2023-04-18_22h29.26.868,pause,trial,1,3,audio/audio-pause/ch/lilli_lisa_ch_pause_0_005.wav,audio/audio-pause/ch/lilli_lisa_ch_pause_0_005.wav,audio/audio-pause/ch/lilli_lisa_ch_pause_0_520.wav,right,True,0.515,0.015,0,down
002,2023-04-18_22h29.26.868,pause,trial,1,4,audio/audio-pause/ch/lilli_lisa_ch_pause_0_505.wav,audio/audio-pause/ch/lilli_lisa_ch_pause_0_005.wav,audio/audio-pause/ch/lilli_lisa_ch_pause_0_005.wav,left,True,0.5,0.015,0,down
002,2023-04-18_22h29.26.868,pause,trial,1,5,audio/audio-pause/ch/lilli_lisa_ch_pause_0_005.wav,audio/audio-pause/ch/lilli_lisa_ch_pause_0_490.wav,audio/audio-pause/ch/lilli_lisa_ch_pause_0_490.wav,left,True,0.485,0.015,0,down
002,2023-04-18_22h29.26.868,pause,trial,1,6,audio/audio-pause/ch/lilli_lisa_ch_pause_0_005.wav,audio/audio-pause/ch/lilli_lisa_ch_pause_0_005.wav,audio/audio-pause/ch/lilli_lisa_ch_pause_0_475.wav,right,True,0.47,0.015,0,down
002,2023-04-18_22h29.26.868,pause,trial,1,7,audio/audio-pause/ch/lilli_lisa_ch_pause_0_005.wav,audio/audio-pause/ch/lilli_lisa_ch_pause_0_005.wav,audio/audio-pause/ch/lilli_lisa_ch_pause_0_460.wav,right,True,0.455,0.015,0,down
002,2023-04-18_22h29.26.868,pause,trial,1,8,audio/audio-pause/ch/lilli_lisa_ch_pause_0_005.wav,audio/audio-pause/ch/lilli_lisa_ch_pause_0_445.wav,audio/audio-pause/ch/lilli_lisa_ch_pause_0_445.wav,left,True,0.44,0.015,0,down
002,2023-04-18_22h29.26.868,pause,trial,1,9,audio/audio-pause/ch/lilli_lisa_ch_pause_0_430.wav,audio/audio-pause/ch/lilli_lisa_ch_pause_0_430.wav,audio/audio-pause/ch/lilli_lisa_ch_pause_0_005.wav,right,True,0.425,0.015,0,down
002,2023-04-18_22h29.26.868,pause,trial,1,10,audio/audio-pause/ch/lilli_lisa_ch_pause_0_415.wav,audio/audio-pause/ch/lilli_lisa_ch_pause_0_415.wav,audio/audio-pause/ch/lilli_lisa_ch_pause_0_005.wav,right,True,0.41,0.015,0,down
002,2023-04-18_22h29.26.868,pause,trial,1,11,audio/audio-pause/ch/lilli_lisa_ch_pause_0_400.wav,audio/audio-pause/ch/lilli_lisa_ch_pause_0_400.wav,audio/audio-pause/ch/lilli_lisa_ch_pause_0_005.wav,right,True,0.395,0.015,0,down
002,2023-04-18_22h29.26.868,pause,trial,1,12,audio/audio-pause/ch/lilli_lisa_ch_pause_0_385.wav,audio/audio-pause/ch/lilli_lisa_ch_pause_0_385.wav,audio/audio-pause/ch/lilli_lisa_ch_pause_0_005.wav,right,True,0.38,0.015,0,down
002,2023-04-18_22h29.26.868,pause,trial,1,13,audio/audio-pause/ch/lilli_lisa_ch_pause_0_370.wav,audio/audio-pause/ch/lilli_lisa_ch_pause_0_370.wav,audio/audio-pause/ch/lilli_lisa_ch_pause_0_005.wav,right,True,0.365,0.015,0,down
002,2023-04-18_22h29.26.868,pause,trial,1,14,audio/audio-pause/ch/lilli_lisa_ch_pause_0_355.wav,audio/audio-pause/ch/lilli_lisa_ch_pause_0_005.wav,audio/audio-pause/ch/lilli_lisa_ch_pause_0_005.wav,left,True,0.35,0.015,0,down
002,2023-04-18_22h29.26.868,pause,trial,1,15,audio/audio-pause/ch/lilli_lisa_ch_pause_0_005.wav,audio/audio-pause/ch/lilli_lisa_ch_pause_0_005.wav,audio/audio-pause/ch/lilli_lisa_ch_pause_0_340.wav,right,True,0.335,0.015,0,down
002,2023-04-18_22h29.26.868,pause,trial,1,16,audio/audio-pause/ch/lilli_lisa_ch_pause_0_005.wav,audio/audio-pause/ch/lilli_lisa_ch_pause_0_325.wav,audio/audio-pause/ch/lilli_lisa_ch_pause_0_325.wav,left,True,0.32,0.015,0,down
002,2023-04-18_22h29.26.868,pause,trial,1,17,audio/audio-pause/ch/lilli_lisa_ch_pause_0_005.wav,audio/audio-pause/ch/lilli_lisa_ch_pause_0_005.wav,audio/audio-pause/ch/lilli_lisa_ch_pause_0_310.wav,right,True,0.305,0.015,0,down
002,2023-04-18_22h29.26.868,pause,trial,1,18,audio/audio-pause/ch/lilli_lisa_ch_pause_0_295.wav,audio/audio-pause/ch/lilli_lisa_ch_pause_0_295.wav,audio/audio-pause/ch/lilli_lisa_ch_pause_0_005.wav,right,True,0.29,0.015,0,down
002,2023-04-18_22h29.26.868,pause,trial,1,19,audio/audio-pause/ch/lilli_lisa_ch_pause_0_280.wav,audio/audio-pause/ch/lilli_lisa_ch_pause_0_005.wav,audio/audio-pause/ch/lilli_lisa_ch_pause_0_005.wav,left,True,0.275,0.015,0,down
002,2023-04-18_22h29.26.868,pause,trial,1,20,audio/audio-pause/ch/lilli_lisa_ch_pause_0_005.wav,audio/audio-pause/ch/lilli_lisa_ch_pause_0_265.wav,audio/audio-pause/ch/lilli_lisa_ch_pause_0_265.wav,right,False,0.26,0.015,0,up
002,2023-04-18_22h29.26.868,pause,trial,1,21,audio/audio-pause/ch/lilli_lisa_ch_pause_0_280.wav,audio/audio-pause/ch/lilli_lisa_ch_pause_0_280.wav,audio/audio-pause/ch/lilli_lisa_ch_pause_0_005.wav,right,True,0.275,0.01,1,none
002,2023-04-18_22h29.26.868,pause,trial,1,22,audio/audio-pause/ch/lilli_lisa_ch_pause_0_280.wav,audio/audio-pause/ch/lilli_lisa_ch_pause_0_280.wav,audio/audio-pause/ch/lilli_lisa_ch_pause_0_005.wav,right,True,0.275,0.01,1,down
002,2023-04-18_22h29.26.868,pause,trial,1,23,audio/audio-pause/ch/lilli_lisa_ch_pause_0_270.wav,audio/audio-pause/ch/lilli_lisa_ch_pause_0_270.wav,audio/audio-pause/ch/lilli_lisa_ch_pause_0_005.wav,right,True,0.265,0.01,2,none
002,2023-04-18_22h29.26.868,pause,trial,1,24,audio/audio-pause/ch/lilli_lisa_ch_pause_0_005.wav,audio/audio-pause/ch/lilli_lisa_ch_pause_0_005.wav,audio/audio-pause/ch/lilli_lisa_ch_pause_0_270.wav,right,True,0.265,0.01,2,down
002,2023-04-18_22h29.26.868,pause,trial,1,25,audio/audio-pause/ch/lilli_lisa_ch_pause_0_005.wav,audio/audio-pause/ch/lilli_lisa_ch_pause_0_005.wav,audio/audio-pause/ch/lilli_lisa_ch_pause_0_260.wav,right,True,0.255,0.01,2,none
002,2023-04-18_22h29.26.868,pause,trial,1,26,audio/audio-pause/ch/lilli_lisa_ch_pause_0_260.wav,audio/audio-pause/ch/lilli_lisa_ch_pause_0_260.wav,audio/audio-pause/ch/lilli_lisa_ch_pause_0_005.wav,right,True,0.255,0.01,2,down
002,2023-04-18_22h29.26.868,pause,trial,1,27,audio/audio-pause/ch/lilli_lisa_ch_pause_0_250.wav,audio/audio-pause/ch/lilli_lisa_ch_pause_0_250.wav,audio/audio-pause/ch/lilli_lisa_ch_pause_0_005.wav,right,True,0.245,0.01,2,none
002,2023-04-18_22h29.26.868,pause,trial,1,28,audio/audio-pause/ch/lilli_lisa_ch_pause_0_005.wav,audio/audio-pause/ch/lilli_lisa_ch_pause_0_005.wav,audio/audio-pause/ch/lilli_lisa_ch_pause_0_250.wav,right,True,0.245,0.01,2,down
002,2023-04-18_22h29.26.868,pause,trial,1,29,audio/audio-pause/ch/lilli_lisa_ch_pause_0_240.wav,audio/audio-pause/ch/lilli_lisa_ch_pause_0_005.wav,audio/audio-pause/ch/lilli_lisa_ch_pause_0_005.wav,left,True,0.235,0.01,2,none
002,2023-04-18_22h29.26.868,pause,trial,1,30,audio/audio-pause/ch/lilli_lisa_ch_pause_0_005.wav,audio/audio-pause/ch/lilli_lisa_ch_pause_0_240.wav,audio/audio-pause/ch/lilli_lisa_ch_pause_0_240.wav,left,True,0.235,0.01,2,down
002,2023-04-18_22h29.26.868,pause,trial,1,31,audio/audio-pause/ch/lilli_lisa_ch_pause_0_230.wav,audio/audio-pause/ch/lilli_lisa_ch_pause_0_005.wav,audio/audio-pause/ch/lilli_lisa_ch_pause_0_005.wav,left,True,0.225,0.01,2,none
002,2023-04-18_22h29.26.868,pause,trial,1,32,audio/audio-pause/ch/lilli_lisa_ch_pause_0_005.wav,audio/audio-pause/ch/lilli_lisa_ch_pause_0_005.wav,audio/audio-pause/ch/lilli_lisa_ch_pause_0_230.wav,right,True,0.225,0.01,2,down
002,2023-04-18_22h29.26.868,pause,trial,1,33,audio/audio-pause/ch/lilli_lisa_ch_pause_0_005.wav,audio/audio-pause/ch/lilli_lisa_ch_pause_0_220.wav,audio/audio-pause/ch/lilli_lisa_ch_pause_0_220.wav,left,True,0.215,0.01,2,none
002,2023-04-18_22h29.26.868,pause,trial,1,34,audio/audio-pause/ch/lilli_lisa_ch_pause_0_220.wav,audio/audio-pause/ch/lilli_lisa_ch_pause_0_005.wav,audio/audio-pause/ch/lilli_lisa_ch_pause_0_005.wav,left,True,0.215,0.01,2,down
002,2023-04-18_22h29.26.868,pause,trial,1,35,audio/audio-pause/ch/lilli_lisa_ch_pause_0_005.wav,audio/audio-pause/ch/lilli_lisa_ch_pause_0_210.wav,audio/audio-pause/ch/lilli_lisa_ch_pause_0_210.wav,left,True,0.205,0.01,2,none
002,2023-04-18_22h29.26.868,pause,trial,1,36,audio/audio-pause/ch/lilli_lisa_ch_pause_0_210.wav,audio/audio-pause/ch/lilli_lisa_ch_pause_0_005.wav,audio/audio-pause/ch/lilli_lisa_ch_pause_0_005.wav,left,True,0.205,0.01,2,down
002,2023-04-18_22h29.26.868,pause,trial,1,37,audio/audio-pause/ch/lilli_lisa_ch_pause_0_005.wav,audio/audio-pause/ch/lilli_lisa_ch_pause_0_005.wav,audio/audio-pause/ch/lilli_lisa_ch_pause_0_200.wav,right,True,0.195,0.01,2,none
002,2023-04-18_22h29.26.868,pause,trial,1,38,audio/audio-pause/ch/lilli_lisa_ch_pause_0_200.wav,audio/audio-pause/ch/lilli_lisa_ch_pause_0_200.wav,audio/audio-pause/ch/lilli_lisa_ch_pause_0_005.wav,right,True,0.195,0.01,2,down
002,2023-04-18_22h29.26.868,pause,trial,1,39,audio/audio-pause/ch/lilli_lisa_ch_pause_0_005.wav,audio/audio-pause/ch/lilli_lisa_ch_pause_0_190.wav,audio/audio-pause/ch/lilli_lisa_ch_pause_0_190.wav,left,True,0.185,0.01,2,none
002,2023-04-18_22h29.26.868,pause,trial,1,40,audio/audio-pause/ch/lilli_lisa_ch_pause_0_190.wav,audio/audio-pause/ch/lilli_lisa_ch_pause_0_005.wav,audio/audio-pause/ch/lilli_lisa_ch_pause_0_005.wav,left,True,0.185,0.01,2,down
002,2023-04-18_22h29.26.868,pause,trial,1,41,audio/audio-pause/ch/lilli_lisa_ch_pause_0_180.wav,audio/audio-pause/ch/lilli_lisa_ch_pause_0_180.wav,audio/audio-pause/ch/lilli_lisa_ch_pause_0_005.wav,right,True,0.175,0.01,2,none
002,2023-04-18_22h29.26.868,pause,trial,1,42,audio/audio-pause/ch/lilli_lisa_ch_pause_0_180.wav,audio/audio-pause/ch/lilli_lisa_ch_pause_0_180.wav,audio/audio-pause/ch/lilli_lisa_ch_pause_0_005.wav,right,True,0.175,0.01,2,down
002,2023-04-18_22h29.26.868,pause,trial,1,43,audio/audio-pause/ch/lilli_lisa_ch_pause_0_170.wav,audio/audio-pause/ch/lilli_lisa_ch_pause_0_170.wav,audio/audio-pause/ch/lilli_lisa_ch_pause_0_005.wav,right,True,0.165,0.01,2,none
002,2023-04-18_22h29.26.868,pause,trial,1,44,audio/audio-pause/ch/lilli_lisa_ch_pause_0_170.wav,audio/audio-pause/ch/lilli_lisa_ch_pause_0_005.wav,audio/audio-pause/ch/lilli_lisa_ch_pause_0_005.wav,left,True,0.165,0.01,2,down
002,2023-04-18_22h29.26.868,pause,trial,1,45,audio/audio-pause/ch/lilli_lisa_ch_pause_0_160.wav,audio/audio-pause/ch/lilli_lisa_ch_pause_0_005.wav,audio/audio-pause/ch/lilli_lisa_ch_pause_0_005.wav,left,True,0.155,0.01,2,none
002,2023-04-18_22h29.26.868,pause,trial,1,46,audio/audio-pause/ch/lilli_lisa_ch_pause_0_005.wav,audio/audio-pause/ch/lilli_lisa_ch_pause_0_005.wav,audio/audio-pause/ch/lilli_lisa_ch_pause_0_160.wav,left,False,0.155,0.01,2,up
002,2023-04-18_22h29.26.868,pause,trial,1,47,audio/audio-pause/ch/lilli_lisa_ch_pause_0_170.wav,audio/audio-pause/ch/lilli_lisa_ch_pause_0_170.wav,audio/audio-pause/ch/lilli_lisa_ch_pause_0_005.wav,right,True,0.165,0.01,3,none
002,2023-04-18_22h29.26.868,pause,trial,1,48,audio/audio-pause/ch/lilli_lisa_ch_pause_0_170.wav,audio/audio-pause/ch/lilli_lisa_ch_pause_0_005.wav,audio/audio-pause/ch/lilli_lisa_ch_pause_0_005.wav,left,True,0.165,0.01,3,down
002,2023-04-18_22h29.26.868,pause,trial,1,49,audio/audio-pause/ch/lilli_lisa_ch_pause_0_160.wav,audio/audio-pause/ch/lilli_lisa_ch_pause_0_005.wav,audio/audio-pause/ch/lilli_lisa_ch_pause_0_005.wav,left,True,0.155,0.01,4,none
002,2023-04-18_22h29.26.868,pause,trial,1,50,audio/audio-pause/ch/lilli_lisa_ch_pause_0_005.wav,audio/audio-pause/ch/lilli_lisa_ch_pause_0_160.wav,audio/audio-pause/ch/lilli_lisa_ch_pause_0_160.wav,left,True,0.155,0.01,4,down
002,2023-04-18_22h29.26.868,pause,trial,1,51,audio/audio-pause/ch/lilli_lisa_ch_pause_0_150.wav,audio/audio-pause/ch/lilli_lisa_ch_pause_0_005.wav,audio/audio-pause/ch/lilli_lisa_ch_pause_0_005.wav,left,True,0.145,0.01,4,none
002,2023-04-18_22h29.26.868,pause,trial,1,52,audio/audio-pause/ch/lilli_lisa_ch_pause_0_150.wav,audio/audio-pause/ch/lilli_lisa_ch_pause_0_150.wav,audio/audio-pause/ch/lilli_lisa_ch_pause_0_005.wav,left,False,0.145,0.01,4,up
002,2023-04-18_22h29.26.868,pause,trial,1,53,audio/audio-pause/ch/lilli_lisa_ch_pause_0_160.wav,audio/audio-pause/ch/lilli_lisa_ch_pause_0_005.wav,audio/audio-pause/ch/lilli_lisa_ch_pause_0_005.wav,left,True,0.155,0.01,5,none
002,2023-04-18_22h29.26.868,pause,trial,1,54,audio/audio-pause/ch/lilli_lisa_ch_pause_0_005.wav,audio/audio-pause/ch/lilli_lisa_ch_pause_0_160.wav,audio/audio-pause/ch/lilli_lisa_ch_pause_0_160.wav,left,True,0.155,0.01,5,down
002,2023-04-18_22h29.26.868,pause,trial,1,55,audio/audio-pause/ch/lilli_lisa_ch_pause_0_150.wav,audio/audio-pause/ch/lilli_lisa_ch_pause_0_005.wav,audio/audio-pause/ch/lilli_lisa_ch_pause_0_005.wav,right,False,0.145,0.01,6,up
002,2023-04-18_22h29.26.868,pause,trial,1,56,audio/audio-pause/ch/lilli_lisa_ch_pause_0_005.wav,audio/audio-pause/ch/lilli_lisa_ch_pause_0_005.wav,audio/audio-pause/ch/lilli_lisa_ch_pause_0_160.wav,right,True,0.155,0.01,7,none
002,2023-04-18_22h29.26.868,pause,trial,1,57,audio/audio-pause/ch/lilli_lisa_ch_pause_0_160.wav,audio/audio-pause/ch/lilli_lisa_ch_pause_0_005.wav,audio/audio-pause/ch/lilli_lisa_ch_pause_0_005.wav,left,True,0.155,0.01,7,down
002,2023-04-18_22h29.26.868,pause,trial,1,58,audio/audio-pause/ch/lilli_lisa_ch_pause_0_005.wav,audio/audio-pause/ch/lilli_lisa_ch_pause_0_150.wav,audio/audio-pause/ch/lilli_lisa_ch_pause_0_150.wav,left,True,0.145,0.01,8,none
002,2023-04-18_22h29.26.868,pause,trial,1,59,audio/audio-pause/ch/lilli_lisa_ch_pause_0_150.wav,audio/audio-pause/ch/lilli_lisa_ch_pause_0_005.wav,audio/audio-pause/ch/lilli_lisa_ch_pause_0_005.wav,left,True,0.145,0.01,8,down
002,2023-04-18_22h29.26.868,pause,trial,1,60,audio/audio-pause/ch/lilli_lisa_ch_pause_0_005.wav,audio/audio-pause/ch/lilli_lisa_ch_pause_0_140.wav,audio/audio-pause/ch/lilli_lisa_ch_pause_0_140.wav,left,True,0.135,0.01,8,none
002,2023-04-18_22h29.26.868,pause,trial,1,61,audio/audio-pause/ch/lilli_lisa_ch_pause_0_005.wav,audio/audio-pause/ch/lilli_lisa_ch_pause_0_140.wav,audio/audio-pause/ch/lilli_lisa_ch_pause_0_140.wav,left,True,0.135,0.01,8,down
002,2023-04-18_22h29.26.868,pause,trial,1,62,audio/audio-pause/ch/lilli_lisa_ch_pause_0_130.wav,audio/audio-pause/ch/lilli_lisa_ch_pause_0_005.wav,audio/audio-pause/ch/lilli_lisa_ch_pause_0_005.wav,left,True,0.125,0.01,8,none
002,2023-04-18_22h29.26.868,pause,trial,1,63,audio/audio-pause/ch/lilli_lisa_ch_pause_0_005.wav,audio/audio-pause/ch/lilli_lisa_ch_pause_0_005.wav,audio/audio-pause/ch/lilli_lisa_ch_pause_0_130.wav,right,True,0.125,0.01,8,down
002,2023-04-18_22h29.26.868,pause,trial,1,64,audio/audio-pause/ch/lilli_lisa_ch_pause_0_005.wav,audio/audio-pause/ch/lilli_lisa_ch_pause_0_005.wav,audio/audio-pause/ch/lilli_lisa_ch_pause_0_120.wav,right,True,0.115,0.01,8,none
002,2023-04-18_22h29.26.868,pause,trial,1,65,audio/audio-pause/ch/lilli_lisa_ch_pause_0_005.wav,audio/audio-pause/ch/lilli_lisa_ch_pause_0_120.wav,audio/audio-pause/ch/lilli_lisa_ch_pause_0_120.wav,left,True,0.115,0.01,8,down
002,2023-04-18_22h29.26.868,pause,trial,1,66,audio/audio-pause/ch/lilli_lisa_ch_pause_0_110.wav,audio/audio-pause/ch/lilli_lisa_ch_pause_0_005.wav,audio/audio-pause/ch/lilli_lisa_ch_pause_0_005.wav,left,True,0.105,0.01,8,none
002,2023-04-18_22h29.26.868,pause,trial,1,67,audio/audio-pause/ch/lilli_lisa_ch_pause_0_005.wav,audio/audio-pause/ch/lilli_lisa_ch_pause_0_005.wav,audio/audio-pause/ch/lilli_lisa_ch_pause_0_110.wav,right,True,0.105,0.01,8,down
002,2023-04-18_22h29.26.868,pause,trial,1,68,audio/audio-pause/ch/lilli_lisa_ch_pause_0_005.wav,audio/audio-pause/ch/lilli_lisa_ch_pause_0_100.wav,audio/audio-pause/ch/lilli_lisa_ch_pause_0_100.wav,right,False,0.095,0.005,8,up
002,2023-04-18_22h29.26.868,pause,trial,1,69,audio/audio-pause/ch/lilli_lisa_ch_pause_0_105.wav,audio/audio-pause/ch/lilli_lisa_ch_pause_0_005.wav,audio/audio-pause/ch/lilli_lisa_ch_pause_0_005.wav,left,True,0.1,0.01,9,none
002,2023-04-18_22h29.26.868,pause,trial,1,70,audio/audio-pause/ch/lilli_lisa_ch_pause_0_005.wav,audio/audio-pause/ch/lilli_lisa_ch_pause_0_005.wav,audio/audio-pause/ch/lilli_lisa_ch_pause_0_105.wav,right,True,0.1,0.01,9,down
002,2023-04-18_22h29.26.868,pause,trial,1,71,audio/audio-pause/ch/lilli_lisa_ch_pause_0_095.wav,audio/audio-pause/ch/lilli_lisa_ch_pause_0_005.wav,audio/audio-pause/ch/lilli_lisa_ch_pause_0_005.wav,left,True,0.09,0.005,10,none
002,2023-04-18_22h29.26.868,pause,trial,1,72,audio/audio-pause/ch/lilli_lisa_ch_pause_0_005.wav,audio/audio-pause/ch/lilli_lisa_ch_pause_0_095.wav,audio/audio-pause/ch/lilli_lisa_ch_pause_0_095.wav,left,True,0.09,0.005,10,down
002,2023-04-18_22h29.26.868,pause,trial,1,73,audio/audio-pause/ch/lilli_lisa_ch_pause_0_090.wav,audio/audio-pause/ch/lilli_lisa_ch_pause_0_005.wav,audio/audio-pause/ch/lilli_lisa_ch_pause_0_005.wav,left,True,0.085,0.005,10,none
002,2023-04-18_22h29.26.868,pause,trial,1,74,audio/audio-pause/ch/lilli_lisa_ch_pause_0_090.wav,audio/audio-pause/ch/lilli_lisa_ch_pause_0_005.wav,audio/audio-pause/ch/lilli_lisa_ch_pause_0_005.wav,left,True,0.085,0.005,10,down
002,2023-04-18_22h29.26.868,pause,trial,1,75,audio/audio-pause/ch/lilli_lisa_ch_pause_0_005.wav,audio/audio-pause/ch/lilli_lisa_ch_pause_0_005.wav,audio/audio-pause/ch/lilli_lisa_ch_pause_0_085.wav,right,True,0.08,0.005,10,none
002,2023-04-18_22h29.26.868,pause,trial,1,76,audio/audio-pause/ch/lilli_lisa_ch_pause_0_085.wav,audio/audio-pause/ch/lilli_lisa_ch_pause_0_085.wav,audio/audio-pause/ch/lilli_lisa_ch_pause_0_005.wav,right,True,0.08,0.005,10,down
002,2023-04-18_22h29.26.868,pause,trial,1,77,audio/audio-pause/ch/lilli_lisa_ch_pause_0_005.wav,audio/audio-pause/ch/lilli_lisa_ch_pause_0_080.wav,audio/audio-pause/ch/lilli_lisa_ch_pause_0_080.wav,left,True,0.075,0.005,10,none
002,2023-04-18_22h29.26.868,pause,trial,1,78,audio/audio-pause/ch/lilli_lisa_ch_pause_0_005.wav,audio/audio-pause/ch/lilli_lisa_ch_pause_0_080.wav,audio/audio-pause/ch/lilli_lisa_ch_pause_0_080.wav,left,True,0.075,0.005,10,down
002,2023-04-18_22h29.26.868,pause,trial,1,79,audio/audio-pause/ch/lilli_lisa_ch_pause_0_005.wav,audio/audio-pause/ch/lilli_lisa_ch_pause_0_005.wav,audio/audio-pause/ch/lilli_lisa_ch_pause_0_075.wav,right,True,0.07,0.005,10,none
002,2023-04-18_22h29.26.868,pause,trial,1,80,audio/audio-pause/ch/lilli_lisa_ch_pause_0_005.wav,audio/audio-pause/ch/lilli_lisa_ch_pause_0_075.wav,audio/audio-pause/ch/lilli_lisa_ch_pause_0_075.wav,left,True,0.07,0.005,10,down
002,2023-04-18_22h29.26.868,pause,trial,1,81,audio/audio-pause/ch/lilli_lisa_ch_pause_0_005.wav,audio/audio-pause/ch/lilli_lisa_ch_pause_0_005.wav,audio/audio-pause/ch/lilli_lisa_ch_pause_0_070.wav,right,True,0.065,0.005,10,none
002,2023-04-18_22h29.26.868,pause,trial,1,82,audio/audio-pause/ch/lilli_lisa_ch_pause_0_070.wav,audio/audio-pause/ch/lilli_lisa_ch_pause_0_005.wav,audio/audio-pause/ch/lilli_lisa_ch_pause_0_005.wav,left,True,0.065,0.005,10,down
002,2023-04-18_22h29.26.868,pause,trial,1,83,audio/audio-pause/ch/lilli_lisa_ch_pause_0_005.wav,audio/audio-pause/ch/lilli_lisa_ch_pause_0_065.wav,audio/audio-pause/ch/lilli_lisa_ch_pause_0_065.wav,left,True,0.06,0.005,10,none
002,2023-04-18_22h29.26.868,pause,trial,1,84,audio/audio-pause/ch/lilli_lisa_ch_pause_0_065.wav,audio/audio-pause/ch/lilli_lisa_ch_pause_0_005.wav,audio/audio-pause/ch/lilli_lisa_ch_pause_0_005.wav,left,True,0.06,0.005,10,down
002,2023-04-18_22h29.26.868,pause,trial,1,85,audio/audio-pause/ch/lilli_lisa_ch_pause_0_005.wav,audio/audio-pause/ch/lilli_lisa_ch_pause_0_060.wav,audio/audio-pause/ch/lilli_lisa_ch_pause_0_060.wav,left,True,0.055,0.005,10,none
002,2023-04-18_22h29.26.868,pause,trial,1,86,audio/audio-pause/ch/lilli_lisa_ch_pause_0_005.wav,audio/audio-pause/ch/lilli_lisa_ch_pause_0_005.wav,audio/audio-pause/ch/lilli_lisa_ch_pause_0_060.wav,left,False,0.055,0.005,10,up
002,2023-04-18_22h29.26.868,pause,trial,1,87,audio/audio-pause/ch/lilli_lisa_ch_pause_0_005.wav,audio/audio-pause/ch/lilli_lisa_ch_pause_0_005.wav,audio/audio-pause/ch/lilli_lisa_ch_pause_0_065.wav,left,False,0.06,0.005,11,up
002,2023-04-18_22h29.26.868,pause,trial,1,88,audio/audio-pause/ch/lilli_lisa_ch_pause_0_070.wav,audio/audio-pause/ch/lilli_lisa_ch_pause_0_070.wav,audio/audio-pause/ch/lilli_lisa_ch_pause_0_005.wav,left,False,0.065,0.005,11,up
002,2023-04-18_22h29.26.868,pause,trial,1,89,audio/audio-pause/ch/lilli_lisa_ch_pause_0_005.wav,audio/audio-pause/ch/lilli_lisa_ch_pause_0_005.wav,audio/audio-pause/ch/lilli_lisa_ch_pause_0_075.wav,right,True,0.07,0.005,11,none
002,2023-04-18_22h29.26.868,pause,trial,1,90,audio/audio-pause/ch/lilli_lisa_ch_pause_0_075.wav,audio/audio-pause/ch/lilli_lisa_ch_pause_0_005.wav,audio/audio-pause/ch/lilli_lisa_ch_pause_0_005.wav,right,False,0.07,0.005,11,up
002,2023-04-18_22h29.26.868,pause,trial,1,91,audio/audio-pause/ch/lilli_lisa_ch_pause_0_080.wav,audio/audio-pause/ch/lilli_lisa_ch_pause_0_080.wav,audio/audio-pause/ch/lilli_lisa_ch_pause_0_005.wav,right,True,0.075,0.005,12,none
002,2023-04-18_22h29.26.868,pause,trial,1,92,audio/audio-pause/ch/lilli_lisa_ch_pause_0_005.wav,audio/audio-pause/ch/lilli_lisa_ch_pause_0_005.wav,audio/audio-pause/ch/lilli_lisa_ch_pause_0_080.wav,right,True,0.075,0.005,12,down
002,2023-04-18_22h29.26.868,pause,trial,1,93,audio/audio-pause/ch/lilli_lisa_ch_pause_0_075.wav,audio/audio-pause/ch/lilli_lisa_ch_pause_0_075.wav,audio/audio-pause/ch/lilli_lisa_ch_pause_0_005.wav,right,True,0.07,0.005,13,none
002,2023-04-18_22h29.26.868,pause,trial,1,94,audio/audio-pause/ch/lilli_lisa_ch_pause_0_005.wav,audio/audio-pause/ch/lilli_lisa_ch_pause_0_075.wav,audio/audio-pause/ch/lilli_lisa_ch_pause_0_075.wav,right,False,0.07,0.005,13,up
002,2023-04-18_22h29.26.868,pause,trial,1,95,audio/audio-pause/ch/lilli_lisa_ch_pause_0_080.wav,audio/audio-pause/ch/lilli_lisa_ch_pause_0_080.wav,audio/audio-pause/ch/lilli_lisa_ch_pause_0_005.wav,right,True,0.075,0.005,14,none
002,2023-04-18_22h29.26.868,pause,trial,1,96,audio/audio-pause/ch/lilli_lisa_ch_pause_0_080.wav,audio/audio-pause/ch/lilli_lisa_ch_pause_0_005.wav,audio/audio-pause/ch/lilli_lisa_ch_pause_0_005.wav,right,False,0.075,0.005,14,up
