stepID	filename	nameNew	s8Orig	s8MinDur	s8MinFL	shortFC	s8New	diffS8	n2Orig	n2Min	n2New	flOrig	flNew	diffFL	diffSyllDur
1	lilli_10	lilli_10_FL_0_002	0.244	0.043	19.9	0.177	0.045	0.199	0.418	0.217	0.219	58.425	20.636	37.789	0.002
2	lilli_10	lilli_10_FL_0_003	0.244	0.043	19.9	0.178	0.046	0.198	0.418	0.217	0.22	58.425	20.994	37.432	0.003
3	lilli_10	lilli_10_FL_0_004	0.244	0.043	19.9	0.178	0.047	0.197	0.418	0.217	0.221	58.425	21.348	37.078	0.004
4	lilli_10	lilli_10_FL_0_005	0.244	0.043	19.9	0.179	0.048	0.196	0.418	0.217	0.222	58.425	21.698	36.727	0.005
5	lilli_10	lilli_10_FL_0_006	0.244	0.043	19.9	0.18	0.049	0.195	0.418	0.217	0.223	58.425	22.046	36.379	0.006
6	lilli_10	lilli_10_FL_0_007	0.244	0.043	19.9	0.18	0.05	0.194	0.418	0.217	0.224	58.425	22.391	36.035	0.007
7	lilli_10	lilli_10_FL_0_008	0.244	0.043	19.9	0.181	0.051	0.193	0.418	0.217	0.225	58.425	22.732	35.693	0.008
8	lilli_10	lilli_10_FL_0_009	0.244	0.043	19.9	0.182	0.052	0.192	0.418	0.217	0.226	58.425	23.071	35.354	0.009
9	lilli_10	lilli_10_FL_0_010	0.244	0.043	19.9	0.183	0.053	0.191	0.418	0.217	0.227	58.425	23.407	35.019	0.01
10	lilli_10	lilli_10_FL_0_011	0.244	0.043	19.9	0.184	0.054	0.19	0.418	0.217	0.228	58.425	23.739	34.686	0.011
11	lilli_10	lilli_10_FL_0_012	0.244	0.043	19.9	0.184	0.055	0.189	0.418	0.217	0.229	58.425	24.069	34.356	0.012
12	lilli_10	lilli_10_FL_0_013	0.244	0.043	19.9	0.185	0.056	0.188	0.418	0.217	0.23	58.425	24.396	34.029	0.013
13	lilli_10	lilli_10_FL_0_014	0.244	0.043	19.9	0.186	0.057	0.187	0.418	0.217	0.231	58.425	24.72	33.705	0.014
14	lilli_10	lilli_10_FL_0_015	0.244	0.043	19.9	0.187	0.058	0.186	0.418	0.217	0.232	58.425	25.042	33.383	0.015
15	lilli_10	lilli_10_FL_0_016	0.244	0.043	19.9	0.188	0.059	0.185	0.418	0.217	0.233	58.425	25.361	33.065	0.016
16	lilli_10	lilli_10_FL_0_017	0.244	0.043	19.9	0.188	0.06	0.184	0.418	0.217	0.234	58.425	25.677	32.749	0.017
17	lilli_10	lilli_10_FL_0_018	0.244	0.043	19.9	0.189	0.061	0.183	0.418	0.217	0.235	58.425	25.99	32.435	0.018
18	lilli_10	lilli_10_FL_0_019	0.244	0.043	19.9	0.19	0.062	0.182	0.418	0.217	0.236	58.425	26.301	32.125	0.019
19	lilli_10	lilli_10_FL_0_020	0.244	0.043	19.9	0.191	0.063	0.181	0.418	0.217	0.237	58.425	26.609	31.817	0.02
20	lilli_10	lilli_10_FL_0_021	0.244	0.043	19.9	0.192	0.064	0.18	0.418	0.217	0.238	58.425	26.914	31.511	0.021
21	lilli_10	lilli_10_FL_0_022	0.244	0.043	19.9	0.193	0.065	0.179	0.418	0.217	0.239	58.425	27.217	31.208	0.022
22	lilli_10	lilli_10_FL_0_023	0.244	0.043	19.9	0.193	0.066	0.178	0.418	0.217	0.24	58.425	27.518	30.907	0.023
23	lilli_10	lilli_10_FL_0_024	0.244	0.043	19.9	0.194	0.067	0.177	0.418	0.217	0.241	58.425	27.816	30.609	0.024
24	lilli_10	lilli_10_FL_0_025	0.244	0.043	19.9	0.195	0.068	0.176	0.418	0.217	0.242	58.425	28.112	30.314	0.025
25	lilli_10	lilli_10_FL_0_026	0.244	0.043	19.9	0.196	0.069	0.175	0.418	0.217	0.243	58.425	28.405	30.021	0.026
26	lilli_10	lilli_10_FL_0_027	0.244	0.043	19.9	0.197	0.07	0.174	0.418	0.217	0.244	58.425	28.696	29.73	0.027
27	lilli_10	lilli_10_FL_0_028	0.244	0.043	19.9	0.198	0.071	0.173	0.418	0.217	0.245	58.425	28.984	29.441	0.028
28	lilli_10	lilli_10_FL_0_029	0.244	0.043	19.9	0.199	0.072	0.172	0.418	0.217	0.246	58.425	29.27	29.155	0.029
29	lilli_10	lilli_10_FL_0_030	0.244	0.043	19.9	0.2	0.073	0.171	0.418	0.217	0.247	58.425	29.554	28.871	0.03
30	lilli_10	lilli_10_FL_0_031	0.244	0.043	19.9	0.201	0.074	0.17	0.418	0.217	0.248	58.425	29.836	28.59	0.031
31	lilli_10	lilli_10_FL_0_032	0.244	0.043	19.9	0.202	0.075	0.169	0.418	0.217	0.249	58.425	30.115	28.31	0.032
32	lilli_10	lilli_10_FL_0_033	0.244	0.043	19.9	0.202	0.076	0.168	0.418	0.217	0.25	58.425	30.392	28.033	0.033
33	lilli_10	lilli_10_FL_0_034	0.244	0.043	19.9	0.203	0.077	0.167	0.418	0.217	0.251	58.425	30.667	27.758	0.034
34	lilli_10	lilli_10_FL_0_035	0.244	0.043	19.9	0.204	0.078	0.166	0.418	0.217	0.252	58.425	30.94	27.486	0.035
35	lilli_10	lilli_10_FL_0_036	0.244	0.043	19.9	0.205	0.079	0.165	0.418	0.217	0.253	58.425	31.21	27.215	0.036
36	lilli_10	lilli_10_FL_0_037	0.244	0.043	19.9	0.206	0.08	0.164	0.418	0.217	0.254	58.425	31.479	26.947	0.037
37	lilli_10	lilli_10_FL_0_038	0.244	0.043	19.9	0.207	0.081	0.163	0.418	0.217	0.255	58.425	31.745	26.68	0.038
38	lilli_10	lilli_10_FL_0_039	0.244	0.043	19.9	0.208	0.082	0.162	0.418	0.217	0.256	58.425	32.01	26.416	0.039
39	lilli_10	lilli_10_FL_0_040	0.244	0.043	19.9	0.209	0.083	0.161	0.418	0.217	0.257	58.425	32.272	26.153	0.04
40	lilli_10	lilli_10_FL_0_041	0.244	0.043	19.9	0.21	0.084	0.16	0.418	0.217	0.258	58.425	32.532	25.893	0.041
41	lilli_10	lilli_10_FL_0_042	0.244	0.043	19.9	0.211	0.085	0.159	0.418	0.217	0.259	58.425	32.791	25.635	0.042
42	lilli_10	lilli_10_FL_0_043	0.244	0.043	19.9	0.212	0.086	0.158	0.418	0.217	0.26	58.425	33.047	25.378	0.043
43	lilli_10	lilli_10_FL_0_044	0.244	0.043	19.9	0.213	0.087	0.157	0.418	0.217	0.261	58.425	33.301	25.124	0.044
44	lilli_10	lilli_10_FL_0_045	0.244	0.043	19.9	0.215	0.088	0.156	0.418	0.217	0.262	58.425	33.554	24.872	0.045
45	lilli_10	lilli_10_FL_0_046	0.244	0.043	19.9	0.216	0.089	0.155	0.418	0.217	0.263	58.425	33.804	24.621	0.046
46	lilli_10	lilli_10_FL_0_047	0.244	0.043	19.9	0.217	0.09	0.154	0.418	0.217	0.264	58.425	34.053	24.372	0.047
47	lilli_10	lilli_10_FL_0_048	0.244	0.043	19.9	0.218	0.091	0.153	0.418	0.217	0.265	58.425	34.3	24.126	0.048
48	lilli_10	lilli_10_FL_0_049	0.244	0.043	19.9	0.219	0.092	0.153	0.418	0.217	0.266	58.425	34.545	23.881	0.049
49	lilli_10	lilli_10_FL_0_050	0.244	0.043	19.9	0.22	0.093	0.152	0.418	0.217	0.266	58.425	34.788	23.637	0.05
50	lilli_10	lilli_10_FL_0_051	0.244	0.043	19.9	0.221	0.094	0.151	0.418	0.217	0.267	58.425	35.029	23.396	0.051
51	lilli_10	lilli_10_FL_0_052	0.244	0.043	19.9	0.222	0.095	0.15	0.418	0.217	0.268	58.425	35.269	23.156	0.052
52	lilli_10	lilli_10_FL_0_053	0.244	0.043	19.9	0.223	0.096	0.149	0.418	0.217	0.269	58.425	35.507	22.919	0.053
53	lilli_10	lilli_10_FL_0_053	0.244	0.043	19.9	0.225	0.097	0.148	0.418	0.217	0.27	58.425	35.743	22.683	0.053
54	lilli_10	lilli_10_FL_0_054	0.244	0.043	19.9	0.226	0.098	0.147	0.418	0.217	0.271	58.425	35.977	22.448	0.054
55	lilli_10	lilli_10_FL_0_055	0.244	0.043	19.9	0.227	0.099	0.146	0.418	0.217	0.272	58.425	36.21	22.216	0.055
56	lilli_10	lilli_10_FL_0_056	0.244	0.043	19.9	0.228	0.1	0.145	0.418	0.217	0.273	58.425	36.441	21.985	0.056
57	lilli_10	lilli_10_FL_0_057	0.244	0.043	19.9	0.229	0.101	0.144	0.418	0.217	0.274	58.425	36.67	21.755	0.057
58	lilli_10	lilli_10_FL_0_058	0.244	0.043	19.9	0.231	0.102	0.143	0.418	0.217	0.275	58.425	36.898	21.528	0.058
59	lilli_10	lilli_10_FL_0_059	0.244	0.043	19.9	0.232	0.103	0.142	0.418	0.217	0.276	58.425	37.124	21.302	0.059
60	lilli_10	lilli_10_FL_0_060	0.244	0.043	19.9	0.233	0.104	0.141	0.418	0.217	0.277	58.425	37.348	21.077	0.06
61	lilli_10	lilli_10_FL_0_061	0.244	0.043	19.9	0.234	0.105	0.14	0.418	0.217	0.278	58.425	37.571	20.854	0.061
62	lilli_10	lilli_10_FL_0_062	0.244	0.043	19.9	0.236	0.106	0.139	0.418	0.217	0.279	58.425	37.792	20.633	0.062
63	lilli_10	lilli_10_FL_0_063	0.244	0.043	19.9	0.237	0.107	0.138	0.418	0.217	0.28	58.425	38.012	20.414	0.063
64	lilli_10	lilli_10_FL_0_064	0.244	0.043	19.9	0.238	0.108	0.137	0.418	0.217	0.281	58.425	38.23	20.195	0.064
65	lilli_10	lilli_10_FL_0_065	0.244	0.043	19.9	0.24	0.109	0.136	0.418	0.217	0.282	58.425	38.446	19.979	0.065
66	lilli_10	lilli_10_FL_0_066	0.244	0.043	19.9	0.241	0.11	0.135	0.418	0.217	0.283	58.425	38.662	19.764	0.066
67	lilli_10	lilli_10_FL_0_067	0.244	0.043	19.9	0.242	0.111	0.134	0.418	0.217	0.284	58.425	38.875	19.55	0.067
68	lilli_10	lilli_10_FL_0_068	0.244	0.043	19.9	0.244	0.112	0.133	0.418	0.217	0.285	58.425	39.087	19.338	0.068
69	lilli_10	lilli_10_FL_0_069	0.244	0.043	19.9	0.245	0.113	0.132	0.418	0.217	0.286	58.425	39.298	19.127	0.069
70	lilli_10	lilli_10_FL_0_070	0.244	0.043	19.9	0.246	0.113	0.131	0.418	0.217	0.287	58.425	39.507	18.918	0.07
71	lilli_10	lilli_10_FL_0_071	0.244	0.043	19.9	0.248	0.114	0.13	0.418	0.217	0.288	58.425	39.715	18.711	0.071
72	lilli_10	lilli_10_FL_0_072	0.244	0.043	19.9	0.249	0.115	0.129	0.418	0.217	0.289	58.425	39.921	18.504	0.072
73	lilli_10	lilli_10_FL_0_073	0.244	0.043	19.9	0.251	0.116	0.128	0.418	0.217	0.29	58.425	40.126	18.299	0.073
74	lilli_10	lilli_10_FL_0_074	0.244	0.043	19.9	0.252	0.117	0.127	0.418	0.217	0.291	58.425	40.33	18.096	0.074
75	lilli_10	lilli_10_FL_0_075	0.244	0.043	19.9	0.254	0.118	0.126	0.418	0.217	0.292	58.425	40.532	17.894	0.075
76	lilli_10	lilli_10_FL_0_076	0.244	0.043	19.9	0.255	0.119	0.125	0.418	0.217	0.293	58.425	40.732	17.693	0.076
77	lilli_10	lilli_10_FL_0_077	0.244	0.043	19.9	0.257	0.12	0.124	0.418	0.217	0.294	58.425	40.932	17.493	0.077
78	lilli_10	lilli_10_FL_0_078	0.244	0.043	19.9	0.258	0.121	0.123	0.418	0.217	0.295	58.425	41.13	17.295	0.078
79	lilli_10	lilli_10_FL_0_079	0.244	0.043	19.9	0.26	0.122	0.122	0.418	0.217	0.296	58.425	41.327	17.099	0.079
80	lilli_10	lilli_10_FL_0_080	0.244	0.043	19.9	0.261	0.123	0.121	0.418	0.217	0.297	58.425	41.522	16.903	0.08
81	lilli_10	lilli_10_FL_0_081	0.244	0.043	19.9	0.263	0.124	0.12	0.418	0.217	0.298	58.425	41.716	16.709	0.081
82	lilli_10	lilli_10_FL_0_082	0.244	0.043	19.9	0.265	0.125	0.119	0.418	0.217	0.299	58.425	41.909	16.516	0.082
83	lilli_10	lilli_10_FL_0_083	0.244	0.043	19.9	0.266	0.126	0.118	0.418	0.217	0.3	58.425	42.101	16.324	0.083
84	lilli_10	lilli_10_FL_0_084	0.244	0.043	19.9	0.268	0.127	0.117	0.418	0.217	0.301	58.425	42.291	16.134	0.084
85	lilli_10	lilli_10_FL_0_085	0.244	0.043	19.9	0.269	0.128	0.116	0.418	0.217	0.302	58.425	42.48	15.945	0.085
86	lilli_10	lilli_10_FL_0_086	0.244	0.043	19.9	0.271	0.129	0.115	0.418	0.217	0.303	58.425	42.668	15.757	0.086
87	lilli_10	lilli_10_FL_0_087	0.244	0.043	19.9	0.273	0.13	0.114	0.418	0.217	0.304	58.425	42.855	15.571	0.087
88	lilli_10	lilli_10_FL_0_088	0.244	0.043	19.9	0.275	0.131	0.113	0.418	0.217	0.305	58.425	43.04	15.385	0.088
89	lilli_10	lilli_10_FL_0_089	0.244	0.043	19.9	0.276	0.132	0.112	0.418	0.217	0.306	58.425	43.224	15.201	0.089
90	lilli_10	lilli_10_FL_0_090	0.244	0.043	19.9	0.278	0.133	0.111	0.418	0.217	0.307	58.425	43.407	15.018	0.09
91	lilli_10	lilli_10_FL_0_091	0.244	0.043	19.9	0.28	0.134	0.11	0.418	0.217	0.308	58.425	43.589	14.836	0.091
92	lilli_10	lilli_10_FL_0_092	0.244	0.043	19.9	0.282	0.135	0.109	0.418	0.217	0.309	58.425	43.77	14.655	0.092
93	lilli_10	lilli_10_FL_0_093	0.244	0.043	19.9	0.284	0.136	0.108	0.418	0.217	0.31	58.425	43.95	14.476	0.093
94	lilli_10	lilli_10_FL_0_094	0.244	0.043	19.9	0.285	0.137	0.107	0.418	0.217	0.311	58.425	44.128	14.297	0.094
95	lilli_10	lilli_10_FL_0_095	0.244	0.043	19.9	0.287	0.138	0.106	0.418	0.217	0.312	58.425	44.305	14.12	0.095
96	lilli_10	lilli_10_FL_0_096	0.244	0.043	19.9	0.289	0.139	0.105	0.418	0.217	0.313	58.425	44.481	13.944	0.096
97	lilli_10	lilli_10_FL_0_097	0.244	0.043	19.9	0.291	0.14	0.104	0.418	0.217	0.314	58.425	44.656	13.769	0.097
98	lilli_10	lilli_10_FL_0_098	0.244	0.043	19.9	0.293	0.141	0.103	0.418	0.217	0.315	58.425	44.83	13.595	0.098
99	lilli_10	lilli_10_FL_0_099	0.244	0.043	19.9	0.295	0.142	0.102	0.418	0.217	0.316	58.425	45.003	13.422	0.099
100	lilli_10	lilli_10_FL_0_100	0.244	0.043	19.9	0.297	0.143	0.101	0.418	0.217	0.317	58.425	45.175	13.25	0.1
101	lilli_10	lilli_10_FL_0_101	0.244	0.043	19.9	0.299	0.144	0.1	0.418	0.217	0.318	58.425	45.346	13.08	0.101
102	lilli_10	lilli_10_FL_0_102	0.244	0.043	19.9	0.301	0.145	0.099	0.418	0.217	0.319	58.425	45.515	12.91	0.102
103	lilli_10	lilli_10_FL_0_103	0.244	0.043	19.9	0.304	0.146	0.098	0.418	0.217	0.32	58.425	45.684	12.742	0.103
104	lilli_10	lilli_10_FL_0_104	0.244	0.043	19.9	0.306	0.147	0.097	0.418	0.217	0.321	58.425	45.851	12.574	0.104
105	lilli_10	lilli_10_FL_0_105	0.244	0.043	19.9	0.308	0.148	0.096	0.418	0.217	0.322	58.425	46.018	12.407	0.105
106	lilli_10	lilli_10_FL_0_106	0.244	0.043	19.9	0.31	0.149	0.095	0.418	0.217	0.323	58.425	46.183	12.242	0.106
107	lilli_10	lilli_10_FL_0_107	0.244	0.043	19.9	0.312	0.15	0.094	0.418	0.217	0.324	58.425	46.348	12.077	0.107
108	lilli_10	lilli_10_FL_0_108	0.244	0.043	19.9	0.315	0.151	0.093	0.418	0.217	0.325	58.425	46.511	11.914	0.108
109	lilli_10	lilli_10_FL_0_109	0.244	0.043	19.9	0.317	0.152	0.092	0.418	0.217	0.326	58.425	46.674	11.752	0.109
110	lilli_10	lilli_10_FL_0_110	0.244	0.043	19.9	0.319	0.153	0.091	0.418	0.217	0.327	58.425	46.835	11.59	0.11
111	lilli_10	lilli_10_FL_0_111	0.244	0.043	19.9	0.322	0.154	0.09	0.418	0.217	0.328	58.425	46.996	11.43	0.111
112	lilli_10	lilli_10_FL_0_112	0.244	0.043	19.9	0.324	0.155	0.089	0.418	0.217	0.329	58.425	47.155	11.27	0.112
113	lilli_10	lilli_10_FL_0_113	0.244	0.043	19.9	0.327	0.156	0.088	0.418	0.217	0.33	58.425	47.314	11.111	0.113
114	lilli_10	lilli_10_FL_0_114	0.244	0.043	19.9	0.329	0.157	0.087	0.418	0.217	0.331	58.425	47.472	10.954	0.114
115	lilli_10	lilli_10_FL_0_115	0.244	0.043	19.9	0.332	0.158	0.086	0.418	0.217	0.332	58.425	47.628	10.797	0.115
116	lilli_10	lilli_10_FL_0_116	0.244	0.043	19.9	0.334	0.159	0.085	0.418	0.217	0.333	58.425	47.784	10.641	0.116
117	lilli_10	lilli_10_FL_0_117	0.244	0.043	19.9	0.337	0.16	0.084	0.418	0.217	0.334	58.425	47.939	10.486	0.117
118	lilli_10	lilli_10_FL_0_118	0.244	0.043	19.9	0.339	0.161	0.083	0.418	0.217	0.335	58.425	48.093	10.332	0.118
119	lilli_10	lilli_10_FL_0_119	0.244	0.043	19.9	0.342	0.162	0.082	0.418	0.217	0.336	58.425	48.246	10.179	0.119
120	lilli_10	lilli_10_FL_0_120	0.244	0.043	19.9	0.345	0.163	0.081	0.418	0.217	0.337	58.425	48.398	10.027	0.12
121	lilli_10	lilli_10_FL_0_121	0.244	0.043	19.9	0.348	0.164	0.08	0.418	0.217	0.338	58.425	48.549	9.876	0.121
122	lilli_10	lilli_10_FL_0_122	0.244	0.043	19.9	0.35	0.165	0.079	0.418	0.217	0.339	58.425	48.7	9.726	0.122
123	lilli_10	lilli_10_FL_0_123	0.244	0.043	19.9	0.353	0.166	0.078	0.418	0.217	0.34	58.425	48.849	9.576	0.123
124	lilli_10	lilli_10_FL_0_124	0.244	0.043	19.9	0.356	0.167	0.077	0.418	0.217	0.341	58.425	48.998	9.428	0.124
125	lilli_10	lilli_10_FL_0_125	0.244	0.043	19.9	0.359	0.168	0.076	0.418	0.217	0.342	58.425	49.146	9.28	0.125
126	lilli_10	lilli_10_FL_0_126	0.244	0.043	19.9	0.362	0.169	0.075	0.418	0.217	0.343	58.425	49.292	9.133	0.126
127	lilli_10	lilli_10_FL_0_127	0.244	0.043	19.9	0.365	0.17	0.074	0.418	0.217	0.344	58.425	49.438	8.987	0.127
128	lilli_10	lilli_10_FL_0_128	0.244	0.043	19.9	0.368	0.171	0.073	0.418	0.217	0.345	58.425	49.584	8.842	0.128
129	lilli_10	lilli_10_FL_0_129	0.244	0.043	19.9	0.371	0.172	0.072	0.418	0.217	0.346	58.425	49.728	8.697	0.129
130	lilli_10	lilli_10_FL_0_130	0.244	0.043	19.9	0.375	0.173	0.071	0.418	0.217	0.347	58.425	49.872	8.554	0.13
131	lilli_10	lilli_10_FL_0_131	0.244	0.043	19.9	0.378	0.174	0.07	0.418	0.217	0.348	58.425	50.014	8.411	0.131
132	lilli_10	lilli_10_FL_0_132	0.244	0.043	19.9	0.381	0.175	0.069	0.418	0.217	0.349	58.425	50.156	8.269	0.132
133	lilli_10	lilli_10_FL_0_133	0.244	0.043	19.9	0.385	0.176	0.068	0.418	0.217	0.35	58.425	50.297	8.128	0.133
134	lilli_10	lilli_10_FL_0_134	0.244	0.043	19.9	0.388	0.177	0.067	0.418	0.217	0.351	58.425	50.438	7.988	0.134
135	lilli_10	lilli_10_FL_0_135	0.244	0.043	19.9	0.392	0.178	0.066	0.418	0.217	0.352	58.425	50.577	7.848	0.135
136	lilli_10	lilli_10_FL_0_136	0.244	0.043	19.9	0.395	0.179	0.065	0.418	0.217	0.353	58.425	50.716	7.709	0.136
137	lilli_10	lilli_10_FL_0_137	0.244	0.043	19.9	0.399	0.18	0.064	0.418	0.217	0.354	58.425	50.854	7.571	0.137
138	lilli_10	lilli_10_FL_0_138	0.244	0.043	19.9	0.403	0.181	0.063	0.418	0.217	0.355	58.425	50.991	7.434	0.138
139	lilli_10	lilli_10_FL_0_139	0.244	0.043	19.9	0.406	0.182	0.062	0.418	0.217	0.356	58.425	51.128	7.298	0.139
140	lilli_10	lilli_10_FL_0_140	0.244	0.043	19.9	0.41	0.183	0.061	0.418	0.217	0.357	58.425	51.263	7.162	0.14
141	lilli_10	lilli_10_FL_0_141	0.244	0.043	19.9	0.414	0.184	0.06	0.418	0.217	0.358	58.425	51.398	7.027	0.141
142	lilli_10	lilli_10_FL_0_142	0.244	0.043	19.9	0.418	0.185	0.059	0.418	0.217	0.359	58.425	51.532	6.893	0.142
143	lilli_10	lilli_10_FL_0_143	0.244	0.043	19.9	0.422	0.186	0.058	0.418	0.217	0.36	58.425	51.666	6.759	0.143
144	lilli_10	lilli_10_FL_0_144	0.244	0.043	19.9	0.427	0.187	0.057	0.418	0.217	0.361	58.425	51.799	6.627	0.144
145	lilli_10	lilli_10_FL_0_145	0.244	0.043	19.9	0.431	0.188	0.056	0.418	0.217	0.362	58.425	51.931	6.495	0.145
146	lilli_10	lilli_10_FL_0_146	0.244	0.043	19.9	0.435	0.189	0.055	0.418	0.217	0.363	58.425	52.062	6.363	0.146
147	lilli_10	lilli_10_FL_0_147	0.244	0.043	19.9	0.44	0.19	0.054	0.418	0.217	0.364	58.425	52.192	6.233	0.147
148	lilli_10	lilli_10_FL_0_148	0.244	0.043	19.9	0.444	0.191	0.054	0.418	0.217	0.365	58.425	52.322	6.103	0.148
149	lilli_10	lilli_10_FL_0_149	0.244	0.043	19.9	0.449	0.192	0.053	0.418	0.217	0.365	58.425	52.451	5.974	0.149
150	lilli_10	lilli_10_FL_0_150	0.244	0.043	19.9	0.453	0.193	0.052	0.418	0.217	0.366	58.425	52.58	5.845	0.15
151	lilli_10	lilli_10_FL_0_151	0.244	0.043	19.9	0.458	0.194	0.051	0.418	0.217	0.367	58.425	52.708	5.718	0.151
152	lilli_10	lilli_10_FL_0_152	0.244	0.043	19.9	0.463	0.195	0.05	0.418	0.217	0.368	58.425	52.835	5.591	0.152
153	lilli_10	lilli_10_FL_0_152	0.244	0.043	19.9	0.468	0.196	0.049	0.418	0.217	0.369	58.425	52.961	5.464	0.152
154	lilli_10	lilli_10_FL_0_153	0.244	0.043	19.9	0.473	0.197	0.048	0.418	0.217	0.37	58.425	53.087	5.339	0.153
155	lilli_10	lilli_10_FL_0_154	0.244	0.043	19.9	0.479	0.198	0.047	0.418	0.217	0.371	58.425	53.212	5.214	0.154
156	lilli_10	lilli_10_FL_0_155	0.244	0.043	19.9	0.484	0.199	0.046	0.418	0.217	0.372	58.425	53.336	5.089	0.155
157	lilli_10	lilli_10_FL_0_156	0.244	0.043	19.9	0.489	0.2	0.045	0.418	0.217	0.373	58.425	53.46	4.965	0.156
158	lilli_10	lilli_10_FL_0_157	0.244	0.043	19.9	0.495	0.201	0.044	0.418	0.217	0.374	58.425	53.583	4.842	0.157
159	lilli_10	lilli_10_FL_0_158	0.244	0.043	19.9	0.501	0.202	0.043	0.418	0.217	0.375	58.425	53.705	4.72	0.158
160	lilli_10	lilli_10_FL_0_159	0.244	0.043	19.9	0.507	0.203	0.042	0.418	0.217	0.376	58.425	53.827	4.598	0.159
161	lilli_10	lilli_10_FL_0_160	0.244	0.043	19.9	0.513	0.204	0.041	0.418	0.217	0.377	58.425	53.948	4.477	0.16
162	lilli_10	lilli_10_FL_0_161	0.244	0.043	19.9	0.519	0.205	0.04	0.418	0.217	0.378	58.425	54.069	4.357	0.161
163	lilli_10	lilli_10_FL_0_162	0.244	0.043	19.9	0.525	0.206	0.039	0.418	0.217	0.379	58.425	54.189	4.237	0.162
164	lilli_10	lilli_10_FL_0_163	0.244	0.043	19.9	0.532	0.207	0.038	0.418	0.217	0.38	58.425	54.308	4.117	0.163
165	lilli_10	lilli_10_FL_0_164	0.244	0.043	19.9	0.538	0.208	0.037	0.418	0.217	0.381	58.425	54.426	3.999	0.164
166	lilli_10	lilli_10_FL_0_165	0.244	0.043	19.9	0.545	0.209	0.036	0.418	0.217	0.382	58.425	54.544	3.881	0.165
167	lilli_10	lilli_10_FL_0_166	0.244	0.043	19.9	0.552	0.21	0.035	0.418	0.217	0.383	58.425	54.662	3.763	0.166
168	lilli_10	lilli_10_FL_0_167	0.244	0.043	19.9	0.559	0.211	0.034	0.418	0.217	0.384	58.425	54.779	3.647	0.167
169	lilli_10	lilli_10_FL_0_168	0.244	0.043	19.9	0.566	0.212	0.033	0.418	0.217	0.385	58.425	54.895	3.53	0.168
170	lilli_10	lilli_10_FL_0_169	0.244	0.043	19.9	0.574	0.212	0.032	0.418	0.217	0.386	58.425	55.01	3.415	0.169
171	lilli_10	lilli_10_FL_0_170	0.244	0.043	19.9	0.582	0.213	0.031	0.418	0.217	0.387	58.425	55.125	3.3	0.17
172	lilli_10	lilli_10_FL_0_171	0.244	0.043	19.9	0.59	0.214	0.03	0.418	0.217	0.388	58.425	55.24	3.185	0.171
173	lilli_10	lilli_10_FL_0_172	0.244	0.043	19.9	0.598	0.215	0.029	0.418	0.217	0.389	58.425	55.354	3.072	0.172
174	lilli_10	lilli_10_FL_0_173	0.244	0.043	19.9	0.606	0.216	0.028	0.418	0.217	0.39	58.425	55.467	2.958	0.173
175	lilli_10	lilli_10_FL_0_174	0.244	0.043	19.9	0.615	0.217	0.027	0.418	0.217	0.391	58.425	55.58	2.846	0.174
176	lilli_10	lilli_10_FL_0_175	0.244	0.043	19.9	0.624	0.218	0.026	0.418	0.217	0.392	58.425	55.692	2.734	0.175
177	lilli_10	lilli_10_FL_0_176	0.244	0.043	19.9	0.633	0.219	0.025	0.418	0.217	0.393	58.425	55.803	2.622	0.176
178	lilli_10	lilli_10_FL_0_177	0.244	0.043	19.9	0.642	0.22	0.024	0.418	0.217	0.394	58.425	55.914	2.511	0.177
179	lilli_10	lilli_10_FL_0_178	0.244	0.043	19.9	0.652	0.221	0.023	0.418	0.217	0.395	58.425	56.025	2.401	0.178
180	lilli_10	lilli_10_FL_0_179	0.244	0.043	19.9	0.662	0.222	0.022	0.418	0.217	0.396	58.425	56.135	2.291	0.179
181	lilli_10	lilli_10_FL_0_180	0.244	0.043	19.9	0.672	0.223	0.021	0.418	0.217	0.397	58.425	56.244	2.181	0.18
182	lilli_10	lilli_10_FL_0_181	0.244	0.043	19.9	0.683	0.224	0.02	0.418	0.217	0.398	58.425	56.353	2.073	0.181
183	lilli_10	lilli_10_FL_0_182	0.244	0.043	19.9	0.694	0.225	0.019	0.418	0.217	0.399	58.425	56.461	1.964	0.182
184	lilli_10	lilli_10_FL_0_183	0.244	0.043	19.9	0.705	0.226	0.018	0.418	0.217	0.4	58.425	56.569	1.857	0.183
185	lilli_10	lilli_10_FL_0_184	0.244	0.043	19.9	0.717	0.227	0.017	0.418	0.217	0.401	58.425	56.676	1.749	0.184
186	lilli_10	lilli_10_FL_0_185	0.244	0.043	19.9	0.729	0.228	0.016	0.418	0.217	0.402	58.425	56.783	1.643	0.185
187	lilli_10	lilli_10_FL_0_186	0.244	0.043	19.9	0.741	0.229	0.015	0.418	0.217	0.403	58.425	56.889	1.537	0.186
188	lilli_10	lilli_10_FL_0_187	0.244	0.043	19.9	0.754	0.23	0.014	0.418	0.217	0.404	58.425	56.994	1.431	0.187
189	lilli_10	lilli_10_FL_0_188	0.244	0.043	19.9	0.768	0.231	0.013	0.418	0.217	0.405	58.425	57.099	1.326	0.188
190	lilli_10	lilli_10_FL_0_189	0.244	0.043	19.9	0.782	0.232	0.012	0.418	0.217	0.406	58.425	57.204	1.221	0.189
191	lilli_10	lilli_10_FL_0_190	0.244	0.043	19.9	0.796	0.233	0.011	0.418	0.217	0.407	58.425	57.308	1.117	0.19
192	lilli_10	lilli_10_FL_0_191	0.244	0.043	19.9	0.811	0.234	0.01	0.418	0.217	0.408	58.425	57.412	1.014	0.191
193	lilli_10	lilli_10_FL_0_192	0.244	0.043	19.9	0.827	0.235	0.009	0.418	0.217	0.409	58.425	57.515	0.911	0.192
194	lilli_10	lilli_10_FL_0_193	0.244	0.043	19.9	0.843	0.236	0.008	0.418	0.217	0.41	58.425	57.617	0.808	0.193
195	lilli_10	lilli_10_FL_0_194	0.244	0.043	19.9	0.86	0.237	0.007	0.418	0.217	0.411	58.425	57.719	0.706	0.194
196	lilli_10	lilli_10_FL_0_195	0.244	0.043	19.9	0.877	0.238	0.006	0.418	0.217	0.412	58.425	57.821	0.604	0.195
197	lilli_10	lilli_10_FL_0_196	0.244	0.043	19.9	0.895	0.239	0.005	0.418	0.217	0.413	58.425	57.922	0.503	0.196
198	lilli_10	lilli_10_FL_0_197	0.244	0.043	19.9	0.914	0.24	0.004	0.418	0.217	0.414	58.425	58.023	0.403	0.197
199	lilli_10	lilli_10_FL_0_198	0.244	0.043	19.9	0.934	0.241	0.003	0.418	0.217	0.415	58.425	58.123	0.302	0.198
200	lilli_10	lilli_10_FL_0_199	0.244	0.043	19.9	0.955	0.242	0.002	0.418	0.217	0.416	58.425	58.223	0.203	0.199
201	lilli_10	lilli_10_FL_0_200	0.244	0.043	19.9	0.976	0.243	0.001	0.418	0.217	0.417	58.425	58.322	0.104	0.2
202	lilli_10	lilli_10_FL_0_201	0.244	0.043	19.9	0.999	0.244	5e-005	0.418	0.217	0.418	58.425	58.42	0.005	0.201
