filename	participantID	context	block	trial	condition	L1	L1t	H1	H1t	rise1	f0n1	slopen1	L2	L2t	H2	H2t	rise2	f0n2	slopen2	s1dur	s1reln1	s2dur	s2reln1	s3dur	s3reln1	s4dur	s4reln1	s4glott	syll1reln1	syll2reln1	s5dur	s5reln2	s6dur	s6reln2	s7dur	s7reln2	s8dur	s8reln2	s8glott	syll1reln2	syll2reln2	s9dur	s10dur	s11dur	s12dur	p1dur	n1p1dur	p2dur	p3dur	p3relutt	n2p3dur	p4dur	c1dur	c2dur	cons1dur	cons2dur	cons1u2	utt_dur(ms)	hes	comments
01_C01_b1_t01_mimmi_nob	01	C01	b1	t01	nob	178.62	0.37	263.7	0.63	6.74	rise	25.38	189.11	1.07	211.65	1.24	1.95	rise	11.441	104.13	25.192	126.61	30.63	77.68	18.794	104.92	25.384	?	55.822	44.178	33.31	11.429	70.42	24.161	74.81	25.668	112.92	38.742	?	35.59	64.41	42.38	145.27	69.88	163.79	?	413.335	?	?	0	291.459	37.64	337.91	204.87	1042.71	663.83	1706.54	1706.54	?	NA
01_C01_b1_t02_lilli_nob	01	C01	b1	t02	nob	174.67	0.36	249.28	0.62	6.16	rise	23.715	172.15	1.1	222.93	1.29	4.48	rise	23.556	82.2	17.243	141.91	29.77	87.59	18.375	164.99	34.611	?	47.013	52.987	59.28	17.224	59.24	17.214	80.85	23.493	144.79	42.07	?	34.438	65.562	57.92	148.96	69.65	160.68	53.44	530.132	?	?	0	344.166	19.62	231.58	213.47	1105.88	670.3	1776.18	1776.18	?	NA
01_C01_b1_t03_nelli_bra	01	C01	b1	t03	bra	184.46	0.34	254.41	0.52	5.57	rise	30.218	174.33	1.03	243.72	1.31	5.8	rise	20.663	44.8	12.765	70.69	20.143	89.28	25.44	146.17	41.652	?	32.908	67.092	60.95	13.194	93.32	20.203	71.26	15.426	236.41	51.177	?	33.397	66.603	54.22	108.23	59.4	162.05	?	350.937	70.88	183.71	9.743	645.656	?	210.07	224.18	1093.82	608.08	1701.9	1885.61	?	NA
01_C01_b1_t04_manni_nob	01	C01	b1	t04	nob	179.61	0.34	248.61	0.54	5.63	rise	28.906	166.78	1.07	211.08	1.25	4.08	rise	22.778	64.68	17.603	60.28	16.407	83.7	22.781	158.76	43.208	?	34.011	65.989	89.76	17.891	105.85	21.099	74.46	14.841	231.62	46.169	?	38.99	61.01	86.93	90.11	73.49	201.08	?	367.422	?	81.51	4.198	583.194	?	284.74	254.79	1153.85	706.4	1860.25	1941.76	?	 nine statt nina
01_C01_b1_t07_leni_nob	01	C01	b1	t07	nob	173.37	0.39	242.34	0.63	5.8	rise	24.116	188.83	1.2	222.31	1.37	2.83	rise	16.473	114.35	21.057	133.49	24.581	75.58	13.918	219.64	40.445	?	45.637	54.363	36.35	9.586	118.17	31.162	86.5	22.81	138.19	36.442	?	40.747	59.253	43.26	100.48	65.81	184.6	46.7	589.752	?	?	0	379.216	?	237.47	197.92	1206.44	592.08	1798.51	1798.51	?	NA
01_C01_b1_t09_nelli_nob	01	C01	b1	t09	nob	179.64	0.34	258.15	0.55	6.28	rise	29.797	170.4	1.08	214.75	1.26	4.01	rise	22.836	73.55	18.089	82	20.168	80.11	19.703	170.93	42.04	?	38.256	61.744	53.29	13.849	92.8	24.116	78.07	20.289	160.64	41.745	?	37.966	62.034	54.07	113.97	62.02	107.74	?	406.586	?	?	0	384.807	?	273.88	326.19	1065.27	663.98	1729.25	1729.25	?	NA
01_C01_b1_t10_leni_bra	01	C01	b1	t10	bra	171.71	0.33	246.3	0.56	6.25	rise	26.968	166.38	0.96	234.86	1.29	5.97	rise	18.203	43.86	12.129	95.95	26.535	82.34	22.772	139.44	38.564	?	38.664	61.336	46.17	8.72	128.89	24.345	82.62	15.604	271.77	51.331	?	33.065	66.935	59.23	72.63	64.9	178.77	?	361.59	?	95.88	5.376	625.334	?	229.1	191.94	1120.15	567.46	1687.61	1783.49	?	NA
01_C01_b1_t11_moni_nob	01	C01	b1	t11	nob	172.39	0.39	240.41	0.55	5.76	rise	35.227	169.07	0.97	207.58	1.16	3.55	rise	18.695	76.33	21.58	77.61	21.943	75.28	21.283	124.49	35.195	?	43.522	56.478	94.8	23.578	112.53	27.989	76.69	19.074	118.04	29.359	?	51.567	48.433	76.14	112.74	63.04	168.81	?	353.711	?	?	0	402.059	?	204.17	172.35	959.94	593.08	1553.03	1553.03	?	NA
01_C01_b1_t12_manni_bra	01	C01	b1	t12	bra	174.45	0.33	254.96	0.52	6.57	rise	35.07	156.79	0.96	232.12	1.22	6.79	rise	26.182	50.48	15.043	72.96	21.744	70.87	21.119	141.25	42.094	?	36.787	63.213	61.68	15.467	95.51	23.948	74.27	18.624	167.34	41.961	?	39.415	60.585	39.29	92.9	77.26	198.54	?	335.564	?	225.3	12.621	624.109	?	243.23	174.17	977.61	582.16	1559.77	1785.06	?	NA
02_C01_b1_t01_manni_bra	02	C01	b1	t01	bra	211.44	0.35	244.09	0.5	2.49	rise	15.724	184.31	0.91	369.04	1.26	12.02	rise	34.573	61.18	21.733	69.43	24.665	55.1	19.573	95.79	34.029	?	46.398	53.602	76.66	15.502	93.5	18.906	80.02	16.181	244.35	49.411	?	34.408	65.592	59.88	98.06	62.94	219.21	?	281.495	?	507.65	23.434	1002.181	?	222.47	220.07	998.5	660.17	1658.66	2166.31	?	NA
02_C01_b1_t02_moni_nob	02	C01	b1	t02	nob	200.93	0.34	250.9	0.64	3.85	rise	13.036	200.27	1	223.71	1.23	1.92	rise	8.108	58.78	15.025	82.87	21.183	77.08	19.702	172.49	44.09	?	36.208	63.792	97.99	23.473	139.19	33.343	58.8	14.084	121.48	29.1	?	56.815	43.185	70.38	138.83	57.24	256.49	?	391.22	?	?	0	417.456	?	241.16	256.49	1049.83	779.42	1829.26	1829.26	?	NA
02_C01_b1_t03_leni_bra	02	C01	b1	t03	bra	199.75	0.36	205.12	0.54	0.46	rise	2.587	186.78	0.83	308.96	1.26	8.71	rise	20.333	82.19	26.593	77.33	25.021	67.6	21.872	81.94	26.515	?	51.614	48.386	80.21	15.127	108.56	20.473	90.28	17.026	251.2	47.374	?	35.6	64.4	71.31	100.8	55.15	204.5	?	309.056	?	410.81	19.443	941.065	?	168.73	262.32	1008.04	694.08	1702.12	2112.94	?	 lenni
02_C01_b1_t04_nelli_nob	02	C01	b1	t04	nob	204.47	0.34	279.92	0.6	5.44	rise	21.183	193.89	1.01	216.23	1.15	1.89	rise	14.127	57.89	16.614	67.46	19.359	89.86	25.787	133.25	38.24	?	35.973	64.027	86.92	23.788	92.77	25.391	90.72	24.828	94.98	25.994	?	49.179	50.821	78.72	131.64	57.8	269.52	?	348.459	?	?	0	365.39	?	199.39	276.01	913.24	813.69	1726.93	1726.93	?	NA
02_C01_b1_t05_lilli_bra	02	C01	b1	t05	bra	194.25	0.35	222.35	0.54	2.34	rise	12.075	194.58	0.84	314.68	1.28	8.32	rise	19.191	94.61	26.511	126.36	35.409	63.29	17.734	72.61	20.346	?	61.92	38.08	92.55	18.682	72.52	14.637	76.85	15.511	253.51	51.17	?	33.319	66.681	85.57	168.95	69.68	235.75	?	356.86	?	322.22	15.618	817.641	?	160.39	168.29	1012.67	728.23	1740.91	2063.12	?	NA
02_C01_b1_t06_leni_nob	02	C01	b1	t06	nob	193.75	0.36	254.97	0.56	4.75	rise	24.124	186.91	0.91	226.98	1.19	3.36	rise	12.142	46.75	15.634	78.61	26.287	70.43	23.552	103.25	34.527	?	41.921	58.079	54.55	13.568	101.04	25.129	78.21	19.451	168.28	41.852	?	38.697	61.303	74.31	107.74	51.23	233.45	?	299.056	?	50.66	3.056	452.753	?	236.15	203.11	937.3	669.84	1607.14	1657.8	?	 lenni
02_C01_b1_t07_moni_bra	02	C01	b1	t07	bra	197.68	0.36	217.1	0.52	1.62	rise	10.321	190.11	0.82	305.49	1.25	8.21	rise	18.944	45.02	15.918	96.13	33.991	54.84	19.393	86.82	30.699	?	49.909	50.091	102.47	18.391	134.38	24.119	57.42	10.305	262.9	47.185	?	42.51	57.49	36.07	137.29	60.73	232.87	?	282.802	?	342.91	17.078	900.083	?	158.93	199.1	998.91	666.06	1664.96	2007.88	?	NA
02_C01_b1_t10_nelli_bra	02	C01	b1	t10	bra	205.6	0.36	242.67	0.59	2.87	rise	12.567	183.2	0.99	302.88	1.37	8.7	rise	23.049	42.25	12.147	66.07	18.998	92.89	26.707	146.59	42.148	?	31.145	68.855	57	11.253	112.57	22.224	94.2	18.598	242.75	47.925	?	33.477	66.523	60.23	123.8	60.4	239.5	?	347.789	?	360.77	16.667	867.296	?	254.22	211.39	1108.54	695.32	1803.85	2164.62	?	NA
02_C01_b1_t11_lilli_nob	02	C01	b1	t11	nob	202.45	0.34	276.25	0.7	5.38	rise	14.853	191.67	1.34	243.93	1.66	4.17	rise	13.205	69.34	15.504	143.71	32.134	63.44	14.186	170.73	38.176	?	47.638	52.362	104.34	24.305	68.97	16.066	93.64	21.811	162.36	37.818	?	40.371	59.629	82.81	167.06	88.05	251.39	?	447.219	?	?	0	429.316	?	519.93	289.86	1396.46	879.17	2275.64	2275.64	?	NA
02_C01_b1_t12_mimmi_nob	02	C01	b1	t12	nob	181.16	0.34	259.33	0.76	6.21	rise	15.017	189.02	1.11	221.94	1.37	2.78	rise	11.005	81.21	16.61	155.2	31.744	87.04	17.804	165.46	33.842	?	48.354	51.646	57.33	15.831	67.65	18.68	85.38	23.577	151.77	41.911	?	34.512	65.488	74.18	159.76	57.83	234.27	?	488.905	?	?	0	362.133	?	255.79	209.9	1106.82	735.94	1842.76	1842.76	?	NA
03_C01_b1_t01_leni_nob	03	C01	b1	t01	nob	176.23	0.41	291.01	0.66	8.68	rise	35.187	178.42	0.98	239.17	1.23	5.07	rise	20.185	73.84	19.004	108.71	27.978	64.17	16.516	141.83	36.503	?	46.981	53.019	74.89	18.009	141.73	34.08	61.52	14.793	137.72	33.117	?	52.089	47.911	65.46	116.65	57.96	217.16	?	388.551	?	?	0	415.856	?	229.14	219.47	1033.55	676.69	1710.24	1710.24	?	NA
03_C01_b1_t02_lilli_bra	03	C01	b1	t02	bra	183.16	0.33	217.56	0.54	2.98	rise	13.657	167.13	0.91	390.78	1.24	14.7	rise	44.583	56.61	16.881	134.99	40.254	44.24	13.192	99.51	29.673	?	57.135	42.865	55.78	12.791	88.85	20.376	66.86	15.334	224.57	51.499	?	33.167	66.833	76.9	144.79	68.55	196.94	?	335.351	?	309.97	15.844	746.027	?	196.83	191.04	968.24	678.22	1646.45	1956.42	?	NA
03_C01_b1_t03_nelli_nob	03	C01	b1	t03	nob	183.24	0.33	322.66	0.65	9.8	rise	31.203	184.83	0.95	278.53	1.26	7.1	rise	23.141	69.72	18.486	75.55	20.032	86.56	22.952	145.32	38.531	?	38.518	61.482	70.43	16.472	128.61	30.08	65.8	15.389	162.72	38.059	?	46.552	53.448	60.94	117.19	58.46	210.53	?	377.153	?	?	0	427.552	?	219.47	224.61	1024.18	671.72	1695.9	1695.9	?	NA
03_C01_b1_t04_leni_bra	03	C01	b1	t04	bra	180.48	0.33	198.32	0.5	1.63	rise	9.758	166.72	0.93	376.44	1.38	14.1	rise	31.47	65.55	19.342	88.23	26.034	61.99	18.292	123.13	36.332	?	45.376	54.624	86.99	16.266	145.01	27.116	59.6	11.145	243.19	45.474	?	43.381	56.619	78.94	110.41	46.05	255.99	?	338.912	?	329.57	15.259	864.355	?	246.45	218.72	1120.15	710.12	1830.27	2159.84	?	NA
03_C01_b1_t05_moni_nob	03	C01	b1	t05	nob	172.78	0.34	301.02	0.67	9.61	rise	28.693	170.86	0.99	242	1.29	6.03	rise	20.225	89.34	21.153	112.32	26.593	67.74	16.038	152.96	36.216	?	47.746	52.254	48.69	13.274	131.72	35.909	50.24	13.696	136.16	37.12	?	49.183	50.817	62.97	133.14	60.63	201.57	?	422.368	?	?	0	366.804	?	237.43	201.02	1026.6	659.33	1685.92	1685.92	?	NA
03_C01_b1_t06_manni_bra	03	C01	b1	t06	bra	191.21	0.33	248.42	0.54	4.53	rise	21.377	150.46	0.94	394.59	1.26	16.69	rise	52.08	64.37	19.787	83.2	25.576	67.08	20.622	110.65	34.015	?	45.363	54.637	58.5	13.437	90.11	20.698	58.96	13.542	227.8	52.323	?	34.135	65.865	70.29	101.85	50.4	217.09	?	325.288	?	388.87	19.32	824.251	?	216.39	207.22	977.06	646.85	1623.91	2012.78	?	NA
03_C01_b1_t07_mimmi_nob	03	C01	b1	t07	nob	178.85	0.33	275.01	0.67	7.45	rise	21.87	190.28	0.98	229.73	1.23	3.26	rise	13.192	71.72	18.273	132.47	33.752	54.91	13.989	133.4	33.987	?	52.024	47.976	31.54	9.096	78.08	22.517	92.41	26.648	144.74	41.739	?	31.614	68.386	59.87	156.91	55.74	193.73	?	392.496	?	?	0	346.77	?	230.84	195.43	970.11	661.67	1631.78	1631.78	?	NA
03_C01_b1_t08_lilli_nob	03	C01	b1	t08	nob	175.74	0.34	280.33	0.62	8.08	rise	29.19	186.53	0.96	246.97	1.23	4.86	rise	17.569	87.86	21.406	131.17	31.959	60.04	14.629	131.37	32.007	?	53.364	46.636	72.06	19.184	77.87	20.73	62.54	16.65	163.15	43.436	?	39.914	60.086	43.95	136.92	60.65	196.77	?	410.451	?	?	0	375.614	?	216.54	229.07	1002.61	667.37	1669.97	1669.97	?	NA
03_C01_b1_t09_nelli_bra	03	C01	b1	t09	bra	186.8	0.33	254.37	0.56	5.35	rise	23.689	160.32	0.92	388.56	1.32	15.33	rise	38.053	83.07	23.352	78.43	22.047	79.85	22.446	114.39	32.155	?	45.399	54.601	69.16	13.784	101.67	20.263	78.94	15.732	251.98	50.22	?	34.047	65.953	79.01	124.72	62.67	213.8	?	355.731	?	230.95	11.646	732.711	?	209.64	204.89	1067.13	685.1	1752.24	1983.19	?	NA
03_C01_b1_t10_manni_nob	03	C01	b1	t10	nob	185.23	0.35	293.7	0.64	7.98	rise	28.179	171.24	0.97	220.99	1.22	4.42	rise	18.11	101.24	27.18	77.39	20.777	61.76	16.582	132.08	35.46	?	47.958	52.042	65.86	17.659	93.57	25.088	67.18	18.012	146.36	39.241	?	42.747	57.253	77.63	118.4	52.97	269.98	?	372.462	?	?	0	372.98	?	212.28	227.02	957.72	746	1703.72	1703.72	?	NA
03_C01_b1_t11_mimmi_bra	03	C01	b1	t11	bra	188.87	0.34	220.02	0.47	2.64	rise	20.695	173.2	0.9	354.2	1.26	12.39	rise	34.325	72.57	21.96	119.05	36.026	56.51	17.1	82.33	24.914	?	57.986	42.014	59.42	13.259	65.19	14.547	76.32	17.029	247.22	55.164	?	27.807	72.193	70.36	148.76	60.98	183.81	?	330.46	?	308.33	15.708	756.487	?	225.45	186.57	1004.06	650.47	1654.53	1962.86	?	NA
03_C01_b1_t12_moni_bra	03	C01	b1	t12	bra	180.15	0.34	189.98	0.47	0.92	rise	7.052	165.1	0.94	396.41	1.34	15.16	rise	37.291	73.36	21.025	109.72	31.444	66.02	18.92	99.83	28.611	?	52.469	47.531	122.36	20.935	142.11	24.314	60.09	10.281	259.9	44.469	?	45.25	54.75	59.94	111.71	58.63	193.7	?	348.924	?	275.01	13.934	859.474	?	145.04	196.24	1078.43	620.22	1698.65	1973.66	?	NA
04_C01_b1_t01_moni_bra	04	C01	b1	t01	bra	221.82	0.37	290.95	0.54	4.7	rise	28.266	216.35	0.94	292.51	1.11	5.22	rise	29.879	88.28	23.346	124.62	32.955	83.67	22.127	81.58	21.572	?	56.301	43.699	65.09	11.514	193.8	34.281	79.04	13.981	227.39	40.224	?	45.795	54.205	58.52	163.45	67.57	199.58	?	378.155	?	459.37	19.124	1024.682	?	230.68	279.4	1174.15	768.52	1942.67	2402.03	?	NA
04_C01_b1_t02_mimmi_bra	04	C01	b1	t02	bra	222.42	0.36	325.11	0.54	6.57	rise	35.701	212.21	0.97	354.79	1.35	8.9	rise	23.211	74.71	17.583	172.27	40.546	83.56	19.667	94.34	22.204	?	58.129	41.871	98.7	20.322	97.06	19.984	70.4	14.496	219.52	45.199	?	40.306	59.694	90.59	201.49	65.53	167.58	?	424.879	?	550.77	21.998	1036.452	?	180.3	336.94	1090.87	862.12	1952.99	2503.75	?	NA
04_C01_b1_t03_manni_nob	04	C01	b1	t03	nob	258.5	0.35	342.73	0.47	4.88	rise	40.369	225.22	0.96	258.5	1.14	2.39	rise	13.314	84.76	22.205	87.95	23.04	76.24	19.973	132.77	34.782	?	45.245	54.755	61.35	16.437	104.65	28.036	94.22	25.242	113.04	30.285	?	44.473	55.527	59	127.14	60.47	190.9	?	381.727	?	?	0	373.268	?	228.84	265.65	983.84	703.16	1687	1687	?	NA
04_C01_b1_t04_nelli_bra	04	C01	b1	t04	bra	226.97	0.35	238.47	0.48	0.86	rise	6.587	183.86	0.84	365.2	1.27	11.88	rise	27.8	76.72	23.62	100.3	30.88	67.94	20.916	79.85	24.584	?	54.5	45.5	58.39	12.179	133.51	27.851	85.8	17.897	201.7	42.073	?	40.03	59.97	76.73	160.7	60.29	212.93	?	324.814	?	490.1	21.185	969.501	?	198.44	310	1002.65	820.67	1823.32	2313.42	?	NA
04_C01_b1_t05_lilli_nob	04	C01	b1	t05	nob	238.1	0.34	332.5	0.55	5.78	rise	26.886	235.04	0.97	270.67	1.11	2.44	rise	17.483	75.91	16.828	200.44	44.436	68.24	15.128	106.49	23.608	?	61.265	38.735	66.11	17.742	84.54	22.688	90.54	24.298	131.42	35.271	?	40.43	59.57	50.77	190.03	72.95	160.39	?	451.075	?	?	0	372.602	?	206.1	270.52	1029.78	744.66	1774.44	1774.44	?	NA
04_C01_b1_t06_mimmi_nob	04	C01	b1	t06	nob	236.32	0.33	315.66	0.5	5.01	rise	29.54	226.34	0.93	263.75	1.04	2.65	rise	24.489	79.65	19.578	141.64	34.816	81.62	20.062	103.92	25.544	?	54.394	45.606	65.93	18.241	78.29	21.659	83.1	22.991	134.13	37.109	?	39.9	60.1	63.63	184.79	81.97	170.26	?	406.82	?	?	0	361.455	?	212.98	211.14	981.26	711.78	1693.04	1693.04	?	NA
04_C01_b1_t07_manni_bra	04	C01	b1	t07	bra	224.67	0.37	231.38	0.5	0.51	rise	3.983	178.09	0.86	376.44	1.23	12.96	rise	35.597	79.72	24.824	84.32	26.255	77.29	24.067	79.82	24.854	?	51.08	48.92	95.67	20.463	100.85	21.57	80.63	17.246	190.39	40.721	?	42.033	57.967	58.16	125.69	78.35	198.76	?	321.155	?	467.8	21.082	935.343	?	161.7	339.79	950.4	800.76	1751.16	2218.95	?	NA
04_C01_b1_t08_moni_nob	04	C01	b1	t08	nob	258.59	0.32	318.14	0.47	3.59	rise	24.614	224.12	0.92	263.6	1.09	2.81	rise	16.853	51.17	14.66	106.15	30.413	83.62	23.956	108.1	30.971	?	45.072	54.928	42.84	10.934	172.42	44.009	81.63	20.836	94.89	24.221	?	54.943	45.057	77.82	138.21	71.77	186.02	?	349.037	?	?	0	391.793	?	252.98	229.78	993.81	703.6	1697.41	1697.41	?	NA
04_C01_b1_t09_leni_bra	04	C01	b1	t09	bra	210.38	0.38	217.02	0.47	0.54	rise	6.048	187	0.87	346.12	1.3	10.66	rise	25.091	63.95	19.508	103.33	31.52	70.19	21.412	90.35	27.56	?	51.028	48.972	64.09	12.587	156.93	30.823	75.83	14.894	212.29	41.696	?	43.41	56.59	63.3	128.39	63.15	217.71	?	327.833	?	343.51	15.821	852.658	?	207.04	311.14	1044.02	783.68	1827.7	2171.21	?	NA
04_C01_b1_t10_nelli_nob	04	C01	b1	t10	nob	252.28	0.34	330.27	0.53	4.66	rise	24.625	207.67	0.85	254.83	1.03	3.54	rise	20.02	73.35	20.904	85.07	24.244	71.46	20.367	121	34.485	?	45.148	54.852	83.52	19.713	131.32	30.997	92.83	21.912	115.99	27.378	?	50.71	49.29	75.58	147.67	73.47	204.82	?	350.882	?	?	0	423.663	?	159.72	221.34	934.27	722.88	1657.15	1657.15	?	NA
04_C01_b1_t11_lilli_bra	04	C01	b1	t11	bra	177.93	0.78	216.08	0.37	3.36	fall	-8.12	174.24	0.98	357.11	1.35	12.42	rise	33.612	103.2	22.729	198.22	43.654	69.44	15.294	83.19	18.322	?	66.383	33.617	76.04	17.385	117.45	26.852	67.35	15.398	176.56	40.365	?	44.237	55.763	70.65	186.13	66.67	175.85	?	454.06	?	593.54	23.668	1030.939	?	204.3	319.21	1095.75	818.51	1914.27	2507.81	?	NA
04_C01_b1_t12_leni_nob	04	C01	b1	t12	nob	225.87	0.33	350.88	0.55	7.63	rise	35.254	216.6	1	263.67	1.17	3.4	rise	19.235	72.65	17.087	120.27	28.286	100.92	23.735	131.35	30.892	?	45.373	54.627	65.21	14.838	154.24	35.094	78.04	17.756	142.01	32.312	?	49.932	50.068	74.69	127.58	62.15	214.08	?	425.18	?	?	0	439.499	?	256.97	263.54	1121.65	742.03	1863.69	1863.69	?	NA
05_C01_b1_t02_lilli_nob	05	C01	b1	t02	nob	202.8	0.35	256.33	0.6	4.06	rise	15.747	205.13	1.01	246.5	1.22	3.18	rise	14.945	35.49	8.864	145.84	36.418	59.67	14.901	159.45	39.818	?	45.282	54.718	43.75	14.797	70.18	23.735	83.4	28.207	98.34	33.26	?	38.533	61.467	90.77	122.27	51.32	116.63	?	400.452	?	?	0	295.659	?	260.23	166.87	956.34	547.86	1504.2	1504.2	?	NA
05_C01_b1_t03_nelli_bra	05	C01	b1	t03	bra	196.67	0.35	228.16	0.57	2.57	rise	11.762	176.41	0.81	281.95	1.36	8.12	rise	14.692	71.56	23.262	76.93	25.006	68.66	22.317	90.49	29.415	?	48.268	51.732	149.18	21.896	157.5	23.118	90.49	13.282	284.13	41.704	?	45.014	54.986	69.68	143.49	56.21	189.61	?	307.645	?	340.72	15.678	1022.016	?	130.21	254.43	1119.16	713.41	1832.57	2173.28	?	NA
05_C01_b1_t04_manni_nob	05	C01	b1	t04	nob	197.33	0.36	296.08	0.58	7.02	rise	32.179	183.96	1.04	246.11	1.27	5.04	rise	21.492	83.06	21.27	74.54	19.088	82.71	21.18	150.2	38.461	?	40.358	59.642	51.25	14.452	100.53	28.346	71.01	20.022	131.86	37.18	?	42.798	57.202	59.14	94.7	62.78	225.19	?	390.512	?	?	0	354.644	?	312.37	208.41	1057.53	650.22	1707.75	1707.75	?	NA
05_C01_b1_t05_mimmi_bra	05	C01	b1	t05	bra	194.92	0.37	225.18	0.62	2.5	rise	10.014	182.99	0.8	334.37	1.22	10.44	rise	25.176	96.63	27.596	99.74	28.483	76.24	21.772	77.56	22.149	?	56.079	43.921	89.7	16.81	93.84	17.585	98.72	18.5	251.37	47.105	?	34.395	65.605	84.24	149.35	59.21	207.38	?	350.165	?	316.8	15.785	850.436	?	159.88	146.33	1043.68	646.51	1690.18	2006.99	?	NA
05_C01_b1_t06_moni_bra	05	C01	b1	t06	bra	186.52	0.38	213.27	0.65	2.32	rise	8.674	163.09	0.88	294.05	1.43	10.21	rise	18.649	107.39	28.247	117.66	30.947	70.16	18.453	84.98	22.352	?	59.195	40.805	117.9	17.382	194.15	28.623	82.94	12.228	283.31	41.767	?	46.005	53.995	47.66	148.31	55.21	164.47	?	380.181	?	150.36	7.288	828.674	?	189.69	249.07	1248.18	664.72	1912.9	2063.27	?	NA
05_C01_b1_t07_leni_nob	05	C01	b1	t07	nob	110.28	0.46	134.24	0.63	3.4	rise	19.593	189.25	1.04	214.98	1.2	2.21	rise	14.168	63.81	14.663	105.18	24.169	82.63	18.986	183.57	42.181	?	38.832	61.168	34.11	8.467	158.09	39.243	81.2	20.155	129.45	32.135	?	47.71	52.29	114.8	116.58	54.2	227.18	?	435.193	?	?	0	402.846	?	275.28	136.66	1113.32	649.42	1762.74	1762.74	?	NA
05_C01_b1_t08_lilli_bra	05	C01	b1	t08	bra	190.7	0.35	212.94	0.61	1.91	rise	7.217	175.83	0.97	255.55	1.24	6.47	rise	23.772	52.21	14.641	125.79	35.274	78.25	21.943	100.36	28.142	?	49.915	50.085	79.07	15.699	100.7	19.994	103.39	20.527	220.5	43.78	?	35.693	64.307	84.01	143.26	60.09	107.09	?	356.622	?	?	0	503.656	?	253.6	417.72	1113.88	812.16	1926.04	1926.04	?	NA
05_C01_b1_t10_leni_bra	05	C01	b1	t10	bra	176.77	0.4	200.56	0.64	2.19	rise	9.078	192.63	0.98	327.4	1.32	9.18	rise	26.259	89.87	23.92	116.07	30.893	68.25	18.166	101.52	27.021	?	54.813	45.187	47.14	8.201	169.6	29.504	117.14	20.378	240.96	41.918	?	37.705	62.295	57.65	89.49	51.4	168.37	?	375.717	?	193.25	9.806	768.1	?	233.47	226.55	1184.03	593.46	1777.49	1970.75	1	 hes
05_C01_b1_t11_moni_nob	05	C01	b1	t11	nob	182.28	0.39	245.22	0.66	5.14	rise	19.008	178.24	0.94	214.21	1.15	3.18	rise	15.614	126.9	30.313	125.41	29.958	84.31	20.14	82	19.589	?	60.271	39.729	127.18	22.801	146.89	26.334	108.33	19.422	175.38	31.443	?	49.136	50.864	33.53	138.72	45.94	182.92	?	418.631	?	?	0	557.779	?	127.39	238.14	1103.8	639.25	1743.05	1743.05	?	NA
05_C01_b1_t12_manni_bra	05	C01	b1	t12	bra	199.81	0.41	207.37	0.49	0.64	rise	7.413	177.82	0.9	283.59	1.41	8.08	rise	15.839	78.89	25.442	64.41	20.773	69.19	22.315	97.58	31.47	?	46.215	53.785	159.07	23.502	123.45	18.239	103.11	15.234	291.2	43.024	?	41.742	58.258	138.31	111.73	56.4	136.77	?	310.075	?	325.76	16.017	1002.577	?	202.76	75.17	1189.66	518.37	1708.03	2033.79	?	NA
06_C01_b1_t01_manni_bra	06	C01	b1	t01	bra	197.16	0.46	209.51	0.37	1.05	fall	-11.946	179.17	0.87	357.67	1.16	11.97	rise	41.25	35.59	11.111	80.04	24.987	64.9	20.259	139.8	43.643	?	36.098	63.902	38.41	10.463	104.69	28.52	82.47	22.465	141.52	38.552	?	38.983	61.017	66.12	74.01	56.53	194.57	?	320.328	?	494.81	25.008	861.892	?	199.67	205.47	887.08	596.7	1483.79	1978.59	?	NA
06_C01_b1_t02_moni_nob	06	C01	b1	t02	nob	194.7	0.38	261.57	0.61	5.11	rise	22.254	181.45	0.95	225.4	1.28	3.75	rise	11.42	60.46	15.762	93.69	24.426	82.71	21.563	146.72	38.249	?	40.188	59.812	110.3	23.261	144.75	30.527	69.93	14.748	149.19	31.463	?	53.788	46.212	56.07	142.71	58.2	168.19	?	383.584	?	35.91	2.13	510.064	?	175.44	191.68	1033.18	616.84	1650.03	1685.93	?	NA
06_C01_b1_t03_leni_bra	06	C01	b1	t03	bra	193.66	0.59	203.32	0.44	0.84	fall	-5.767	172.37	0.84	300.94	1.19	9.65	rise	27.905	50.22	15.15	110.44	33.314	59.99	18.097	110.85	33.439	?	48.464	51.536	48.39	11.588	111.88	26.79	81.09	19.418	176.25	42.204	?	38.378	61.622	102.21	80.4	67.9	236.1	?	331.501	?	297.14	15.62	714.756	?	179.06	190.34	928.18	676.96	1605.13	1902.27	?	NA
06_C01_b1_t04_nelli_nob	06	C01	b1	t04	nob	209.02	0.33	283.74	0.58	5.29	rise	21.205	175.15	1.04	215.46	1.28	3.59	rise	15.34	80.46	19.599	74.47	18.141	68.85	16.771	186.74	45.489	?	37.74	62.26	66.27	18.337	89.88	24.87	65.68	18.173	139.57	38.62	?	43.207	56.793	66.8	144.03	59.61	195.75	?	410.516	?	?	0	361.402	?	291.4	191.57	1063.32	657.77	1721.09	1721.09	?	NA
06_C01_b1_t05_lilli_bra	06	C01	b1	t05	bra	194.34	0.37	220.2	0.55	2.16	rise	11.922	186.99	0.89	321.49	1.19	9.38	rise	31.172	60.04	16.182	137.7	37.115	34.82	9.385	138.46	37.319	?	53.297	46.703	20.31	5.287	106.15	27.629	77.07	20.059	180.68	47.026	?	32.915	67.085	44.12	158.42	57.48	151.56	?	371.013	?	411.59	20.998	795.804	?	183.47	198.24	938.7	609.81	1548.51	1960.1	?	NA
06_C01_b1_t06_leni_nob	06	C01	b1	t06	nob	190.76	0.37	259.43	0.54	5.32	rise	32.075	89.47	0.91	108.03	1.15	3.26	rise	13.853	56.69	17.263	69.82	21.261	69.39	21.131	132.49	40.345	?	38.523	61.477	60.32	14.595	125.02	30.252	97.98	23.708	129.95	31.445	?	44.847	55.153	59.88	98.68	61.72	154.99	?	328.381	?	?	0	413.277	?	188.1	198.89	929.76	574.17	1503.93	1503.93	?	NA
06_C01_b1_t07_moni_bra	06	C01	b1	t07	bra	192.97	0.4	214.46	0.56	1.83	rise	11.61	179.92	0.86	306.76	1.16	9.24	rise	29.879	56.59	16.794	76.74	22.772	53.91	15.997	149.75	44.437	?	39.566	60.434	90.4	20.552	140.56	31.957	48.4	11.004	160.49	36.487	?	52.509	47.491	86.31	156.99	52.74	206.28	?	336.993	?	150.53	8.526	590.377	?	147.64	188.15	924.48	690.48	1614.96	1765.48	?	NA
06_C01_b1_t08_mimmi_bra	06	C01	b1	t08	bra	186.36	0.37	228.71	0.59	3.55	rise	15.787	192.58	0.89	348.48	1.17	10.27	rise	37.342	58.62	15.364	128.27	33.617	76.81	20.13	117.85	30.888	?	48.981	51.019	87.68	22.99	72.65	19.048	72.72	19.067	148.34	38.894	?	42.039	57.961	53.04	170.38	79.71	180.93	?	381.545	?	397.62	19.888	779.024	?	135.36	219.34	898.3	703.39	1601.69	1999.32	?	NA
06_C01_b1_t09_manni_nob	06	C01	b1	t09	nob	214.07	0.34	269.27	0.52	3.97	rise	22.57	182.47	0.95	232.51	1.12	4.2	rise	24.709	30.86	10.118	76.16	24.967	55.53	18.203	142.49	46.712	?	35.085	64.915	85.95	20.484	103.44	24.653	78.59	18.73	151.61	36.133	?	45.137	54.863	104.02	80.42	65.65	190.41	?	305.045	?	?	0	419.605	?	164.51	199.91	889.16	640.41	1529.57	1529.57	?	NA
06_C01_b1_t10_nelli_bra	06	C01	b1	t10	bra	203.18	0.33	250.2	0.52	3.6	rise	18.978	183.57	0.87	359.73	1.16	11.65	rise	39.621	66.95	20.028	70.26	21.017	63.04	18.857	134.04	40.098	?	41.045	58.955	75.92	19.128	96.62	24.345	75.93	19.131	148.42	37.395	?	43.473	56.527	110.37	165.81	68.06	201.13	?	334.284	?	243.41	12.819	640.311	?	171.36	207.46	902.54	752.83	1655.37	1898.78	?	NA
06_C01_b1_t11_lilli_nob	06	C01	b1	t11	nob	190.52	0.38	267.88	0.63	5.9	rise	23.124	179.22	0.94	232.85	1.2	4.53	rise	17.674	52.91	12.708	156.55	37.603	73.97	17.769	132.89	31.919	?	50.312	49.688	56.62	15.352	90	24.402	78.23	21.21	143.97	39.036	?	39.754	60.246	54.77	164.73	72.97	179.3	?	416.317	?	?	0	368.824	?	185.48	193.72	970.62	665.49	1636.11	1636.11	?	NA
06_C01_b1_t12_mimmi_nob	06	C01	b1	t12	nob	192.23	0.38	264.67	0.62	5.54	rise	23.125	191.57	0.94	232.85	1.17	3.38	rise	15.095	62.18	15.12	154.55	37.579	69.55	16.911	124.98	30.39	?	52.698	47.302	92.22	23.047	74.03	18.501	77.01	19.245	156.89	39.207	?	41.548	58.452	31.51	150.37	65.44	170.89	?	411.263	?	30.07	1.786	430.216	?	183.61	240.31	995.02	658.53	1653.55	1683.61	?	NA
07_C01_b1_t01_leni_nob	07	C01	b1	t01	nob	197.58	0.36	287.43	0.62	6.49	rise	24.821	209.65	0.91	277.1	1.18	4.83	rise	17.77	49.56	14.586	111.91	32.937	86.45	25.445	91.84	27.032	?	47.523	52.477	49.82	14.262	113.42	32.472	83.24	23.832	102.81	29.434	?	46.733	53.267	67.64	90.11	79.67	220.39	?	339.757	?	?	0	349.294	?	229.37	210.05	918.42	667.86	1586.28	1586.28	?	NA
07_C01_b1_t02_lilli_bra	07	C01	b1	t02	bra	224.46	0.36	248.04	0.45	1.73	rise	18.903	217.77	0.89	341.57	1.24	7.79	rise	22.406	60.45	19.357	118.93	38.084	64.67	20.71	68.23	21.849	?	57.441	42.559	49.83	11.186	88.05	19.767	78.02	17.516	229.54	51.53	?	30.954	69.046	59.9	154.94	92.27	217.06	?	312.272	?	123.07	6.731	568.507	?	223.87	199.65	981.58	723.81	1705.39	1828.46	?	NA
07_C01_b1_t03_nelli_nob	07	C01	b1	t03	nob	221.69	0.34	308.98	0.52	5.75	rise	31.412	223.88	0.89	266.03	1.09	2.99	rise	14.606	47.03	15.459	73.43	24.137	92.23	30.315	91.54	30.089	?	39.596	60.404	29.06	9.167	101.02	31.87	87.27	27.535	99.61	31.428	?	41.038	58.962	57.29	113.51	82.58	225.35	?	304.225	?	?	0	316.956	?	251.69	216.97	872.87	695.7	1568.56	1568.56	?	NA
07_C01_b1_t05_moni_nob	07	C01	b1	t05	nob	207.36	0.36	283.75	0.59	5.43	rise	23.94	219.2	0.94	276.87	1.14	4.04	rise	19.94	47.03	14.96	98.76	31.419	83	26.406	85.54	27.215	?	46.379	53.621	34.77	8.91	139.45	35.74	78.2	20.043	137.76	35.307	?	44.651	55.349	60.53	108.39	76.05	192.39	?	314.333	?	?	0	390.175	?	261.2	213.05	965.71	650.41	1616.11	1616.11	?	NA
07_C01_b1_t06_manni_bra	07	C01	b1	t06	bra	240.26	0.37	279.1	0.53	2.59	rise	15.713	202.74	0.86	299.04	1.13	6.73	rise	25.115	66.12	21.817	72.96	24.077	75.43	24.891	88.54	29.215	?	45.894	54.106	51.74	11.57	105.73	23.645	90.65	20.273	199.03	44.512	?	35.215	64.785	76.76	90.37	73.39	256.18	?	303.054	?	119.75	6.511	566.898	?	221.81	250.85	972.01	747.56	1719.57	1839.32	?	NA
07_C01_b1_t07_mimmi_nob	07	C01	b1	t07	nob	210.24	0.35	291.24	0.57	5.64	rise	25.692	219.99	0.86	271.81	1.07	3.66	rise	17.478	61.84	18.674	113.21	34.187	73.8	22.286	82.3	24.853	?	52.861	47.139	58.19	19.287	70.35	23.317	92.22	30.564	80.96	26.833	?	42.603	57.397	51.61	159.77	72.84	194.64	?	331.135	?	?	0	301.729	?	193.37	201.23	826.23	680.1	1506.33	1506.33	?	NA
07_C01_b1_t08_lilli_nob	07	C01	b1	t08	nob	217.07	0.34	294.86	0.53	5.3	rise	27.203	226.11	0.84	264.14	1.02	2.69	rise	14.75	35.61	12.18	125.41	42.898	67.27	23.01	64.06	21.911	?	55.079	44.921	40.1	14.338	76.04	27.188	80.14	28.654	83.4	29.82	?	41.526	58.474	53.8	161.13	81.35	180.73	?	292.343	?	?	0	279.684	?	214.55	210.02	786.58	687.03	1473.61	1473.61	?	NA
07_C01_b1_t09_nelli_bra	07	C01	b1	t09	bra	209.74	0.35	284.59	0.53	5.28	rise	29.273	208.97	0.87	303.93	1.21	6.49	rise	18.974	67.38	23.166	78.68	27.048	76.99	26.468	67.82	23.317	?	50.214	49.786	50.31	10.427	102.42	21.227	91.04	18.869	238.73	49.477	?	31.654	68.346	71.48	105.92	71.3	202.85	?	290.87	?	63.69	3.757	546.185	?	232.6	173.79	1005.97	625.35	1631.32	1695	?	NA
07_C01_b1_t10_manni_nob	07	C01	b1	t10	nob	225.52	0.36	295.71	0.6	4.69	rise	19.527	206.32	0.89	263.43	1.12	4.23	rise	18.455	78.36	22.439	73.74	21.116	74.43	21.315	122.67	35.13	?	43.555	56.445	51.2	16.995	99.9	33.16	80.22	26.628	69.95	23.217	?	50.155	49.845	56.59	87.8	81.27	198.32	?	349.202	?	?	0	301.274	?	208.48	222.56	858.96	646.54	1505.5	1505.5	?	NA
07_C01_b1_t12_moni_bra	07	C01	b1	t12	bra	220.11	0.37	245.42	0.56	1.88	rise	9.754	217.1	0.88	364.63	1.23	8.98	rise	25.841	67.63	20.578	96.94	29.496	84.44	25.692	79.64	24.233	?	50.074	49.926	42.22	9.079	140.6	30.235	75.91	16.324	206.29	44.362	?	39.314	60.686	58.41	128.65	62.76	246.91	?	328.652	?	58	3.299	523.022	?	212.97	196.72	1006.64	693.46	1700.1	1758.1	?	NA
08_C01_b1_t01_moni_bra	08	C01	b1	t01	bra	223.71	0.33	267.12	0.54	3.07	rise	14.832	214.04	0.86	334.26	1.2	7.72	rise	22.715	54.97	18.309	106.31	35.405	55.73	18.559	83.25	27.726	?	53.714	46.286	72.84	18.056	142.16	35.243	51.27	12.709	137.12	33.992	?	53.299	46.701	38.28	125.91	52.81	137.99	?	300.255	?	440.54	23.054	843.92	?	218.82	192.93	922.46	547.92	1470.37	1910.91	?	NA
08_C01_b1_t02_mimmi_bra	08	C01	b1	t02	bra	200.98	0.34	270.82	0.62	5.16	rise	18.803	212.26	0.94	310.07	1.28	6.56	rise	19.45	71.38	18.588	116.98	30.462	69.27	18.038	126.39	32.912	?	49.05	50.95	79.27	17.364	71.11	15.577	84.13	18.429	222	48.63	?	32.941	67.059	63.2	122.65	51.84	145.13	?	384.021	?	585.22	26.425	1041.735	?	229.85	176.22	1070.39	559.04	1629.42	2214.64	?	NA
08_C01_b1_t03_manni_nob	08	C01	b1	t03	nob	210.15	0.36	287.97	0.57	5.45	rise	26.063	205.68	1.06	224.12	1.22	1.49	rise	9.39	95.61	24.031	90.05	22.633	66.58	16.733	145.63	36.603	?	46.663	53.337	48.36	13.361	91.71	25.337	69.52	19.206	152.36	42.096	?	38.698	61.302	76.23	77	72.41	163.62	?	397.865	?	?	0	361.944	?	270.29	197.35	1030.1	586.6	1616.7	1616.7	?	NA
08_C01_b1_t05_lilli_nob	08	C01	b1	t05	nob	207.94	0.35	277.42	0.66	4.99	rise	16.233	209.1	1.02	230.95	1.21	1.72	rise	8.734	87.39	19.244	148.18	32.631	73.21	16.121	145.34	32.005	?	51.874	48.126	35.71	12.52	90.71	31.803	64.94	22.767	93.87	32.909	?	44.323	55.677	49.15	118.4	48.89	196.04	?	454.128	?	?	0	285.236	?	239.28	240.81	978.65	653.28	1631.93	1631.93	?	NA
08_C01_b1_t06_mimmi_nob	08	C01	b1	t06	nob	205.34	0.33	276.04	0.6	5.12	rise	18.945	219.24	0.97	235.35	1.24	1.23	rise	4.464	60.06	16.223	113.95	30.778	60.9	16.448	135.33	36.551	?	47.001	52.999	73.05	18.173	82.83	20.608	86.32	21.475	159.75	39.743	?	38.782	61.218	54.7	134.54	57.79	208.78	?	370.242	?	37.49	2.171	439.43	?	231.63	229.43	1003.81	685.23	1689.04	1726.53	?	NA
08_C01_b1_t07_manni_bra	08	C01	b1	t07	bra	199.17	0.35	251.06	0.55	4.01	rise	19.349	200	0.91	306.16	1.25	7.37	rise	21.75	75.23	22.855	80.39	24.425	76.05	23.106	97.47	29.613	?	47.281	52.719	76.02	17.653	103.63	24.065	75.32	17.49	175.67	40.792	?	41.718	58.282	69.01	88.66	66	154.87	?	329.145	?	330.08	16.968	760.727	?	240.09	236.79	999.88	615.34	1615.22	1945.3	?	NA
08_C01_b1_t08_moni_nob	08	C01	b1	t08	nob	205.59	0.37	313.56	0.61	7.31	rise	30.751	219.1	0.98	242.45	1.22	1.75	rise	7.288	60.08	15.686	108.58	28.351	76.07	19.861	138.27	36.102	?	44.037	55.963	39.6	10.742	157.02	42.594	61.48	16.677	110.54	29.986	?	53.336	46.664	41.67	121.72	68.01	182.18	?	382.995	?	?	0	368.651	?	233.28	218.07	984.93	631.66	1616.58	1616.58	?	NA
08_C01_b1_t09_leni_bra	08	C01	b1	t09	bra	200.77	0.35	230.48	0.55	2.39	rise	11.761	204.27	0.88	319.05	1.22	7.72	rise	22.54	76.99	21.47	104.2	29.057	70.2	19.576	107.21	29.897	?	50.527	49.473	63.74	14.924	111.8	26.176	64.22	15.036	187.36	43.865	?	41.1	58.9	68.24	83.85	63.26	151.89	?	358.611	?	233.56	13.066	660.687	?	186.84	214.11	972.58	581.34	1553.92	1787.48	?	NA
08_C01_b1_t10_nelli_nob	08	C01	b1	t10	nob	208.98	0.34	291.52	0.62	5.76	rise	20.941	208.02	0.94	233.6	1.19	2.01	rise	8.138	102.81	25.806	84.93	21.319	71.13	17.854	139.51	35.02	?	47.125	52.875	97.52	23.626	116.25	28.162	81.04	19.632	117.97	28.58	?	51.788	48.212	46.47	112.98	68.93	179.91	?	398.379	?	?	0	412.784	?	178.89	233.57	990.05	641.85	1631.9	1631.9	?	NA
08_C01_b1_t11_lilli_bra	08	C01	b1	t11	bra	209.22	0.36	274.59	0.66	4.71	rise	15.918	205.51	0.96	333.44	1.3	8.38	rise	24.491	91.26	20.379	172.33	38.48	73.25	16.356	111	24.785	?	58.859	41.141	52.43	12.531	85.82	20.513	75.82	18.122	204.31	48.834	?	33.044	66.956	81.68	152.83	65.83	156.54	?	447.842	?	168.76	8.879	587.144	?	188.95	219.88	1055.18	676.76	1731.94	1900.7	?	NA
08_C01_b1_t12_leni_nob	08	C01	b1	t12	nob	203.44	0.35	288.87	0.62	6.07	rise	22.891	205.07	0.95	254.23	1.21	3.72	rise	14.252	64.53	15.47	115.67	27.731	86.52	20.743	150.4	36.056	?	43.201	56.799	72.44	17.867	117.51	28.984	83.46	20.586	132.02	32.563	?	46.851	53.149	48.12	81.93	61.71	164.37	?	417.121	?	?	0	405.433	?	198.16	221.54	1020.71	577.67	1598.38	1598.38	?	NA
09_C01_b1_t01_mimmi_nob	09	C01	b1	t01	nob	135.84	0.32	226.07	0.63	8.82	rise	28.297	138.8	1.08	214.37	1.41	7.53	rise	22.958	19.59	4.509	110.82	25.498	86.7	19.95	217.49	50.043	?	30.007	69.993	56.64	12.998	72.71	16.684	80.1	18.382	226.33	51.936	?	29.682	70.318	41.35	140.12	62.57	170.3	74.78	509.388	?	103.99	5.39	539.765	?	244.88	220.74	1190.04	635.09	1825.14	1929.12	?	NA
09_C01_b1_t02_lilli_nob	09	C01	b1	t02	nob	133.11	0.34	239.37	0.71	10.16	rise	27.181	150.36	1.02	208.55	1.31	5.66	rise	19.747	89.67	19.023	133.66	28.356	74.16	15.734	173.88	36.887	?	47.379	52.621	32.53	9.055	61.34	17.073	80.31	22.351	185.11	51.52	?	26.128	73.872	47.8	140.09	55.96	142.35	?	471.37	?	?	0	359.288	?	226.58	254.41	1057.24	640.6	1697.84	1697.84	?	NA
09_C01_b1_t03_nelli_bra	09	C01	b1	t03	bra	138.49	0.33	199.9	0.55	6.35	rise	28.724	130.45	1.07	253.16	1.45	11.48	rise	30.495	100.72	23.748	57.75	13.616	78.54	18.519	187.11	44.117	?	37.364	62.636	67.64	14.831	92.4	20.258	71.75	15.732	224.32	49.18	?	35.088	64.912	33.24	120.37	37.96	170.67	88.35	512.476	?	208.55	10.56	664.67	?	238.74	196.9	1207.33	559.13	1766.46	1975.02	?	NA
09_C01_b1_t04_manni_nob	09	C01	b1	t04	nob	130.57	0.32	244.9	0.66	10.89	rise	32.306	135.7	0.96	210.93	1.28	7.64	rise	23.64	67.15	15.623	69.6	16.193	81.27	18.909	211.8	49.275	?	31.816	68.184	55.91	12.95	88.48	20.495	85.34	19.767	202.01	46.789	?	33.445	66.555	30.45	107.13	49.22	171.48	?	429.82	?	33.51	2.043	465.252	?	193.55	193.71	1055.11	551.99	1607.1	1640.61	?	NA
09_C01_b1_t05_mimmi_bra	09	C01	b1	t05	bra	126.39	0.35	189.54	0.71	7.02	rise	19.728	149.37	1.06	266.34	1.35	10.01	rise	34.449	128.06	24.706	159.54	30.778	65.73	12.68	165.02	31.836	?	55.484	44.516	31.67	8	65.89	16.646	79.11	19.985	219.18	55.37	?	24.646	75.354	38.59	135	51.56	149.21	?	518.337	?	127.88	7.075	523.73	?	205.53	185.62	1119.72	559.98	1679.7	1807.58	?	NA
09_C01_b1_t06_moni_bra	09	C01	b1	t06	bra	138.78	0.34	193.14	0.56	5.72	rise	25.211	128.37	0.89	260.6	1.27	12.26	rise	32.223	96.1	28.423	94.67	28.001	56.68	16.762	90.66	26.814	?	56.424	43.576	79.6	16.546	137.41	28.562	63.92	13.287	200.16	41.605	?	45.108	54.892	38.28	125.58	45.48	133.71	?	338.112	?	117.83	6.956	598.933	?	198.04	215.9	1017.25	558.95	1576.21	1694.04	?	NA
09_C01_b1_t07_leni_nob	09	C01	b1	t07	nob	127.68	0.36	233.14	0.66	10.42	rise	34.782	135.07	1.13	218.63	1.45	8.34	rise	25.987	92.31	20.141	81.82	17.852	75.35	16.441	208.84	45.566	?	37.993	62.007	44.36	10.296	104.56	24.271	80.61	18.712	201.28	46.722	?	34.567	65.433	56.85	87.88	53.55	161.32	137.08	595.394	?	105.88	5.652	536.679	?	178.52	203.13	1204.72	562.73	1767.45	1873.32	?	NA
09_C01_b1_t08_lilli_bra	09	C01	b1	t08	bra	132.01	0.34	189.64	0.55	6.27	rise	29.655	151.85	0.89	282.58	1.21	10.75	rise	32.88	89.55	24.648	117.63	32.376	63.42	17.456	92.72	25.52	?	57.024	42.976	18.43	4.974	66.08	17.837	85.98	23.209	199.98	53.98	?	22.811	77.189	63.13	121.25	52.21	155.11	?	363.325	?	255.53	14.339	626.009	?	210.51	190.59	944.31	582.29	1526.6	1782.13	?	NA
09_C01_b1_t09_nelli_nob	09	C01	b1	t09	nob	139.07	0.34	251.59	0.6	10.26	rise	39.383	134.61	1.06	196.41	1.41	6.54	rise	18.588	101.36	22.407	68.84	15.218	83.51	18.461	198.65	43.913	?	37.625	62.375	72.27	15.624	106.03	22.921	71.39	15.433	212.89	46.022	?	38.545	61.455	45.02	117.58	45.38	161.34	60.56	512.926	?	84.25	4.664	546.836	?	192.63	184.7	1168.14	554.03	1722.17	1806.42	?	NA
09_C01_b1_t10_leni_bra	09	C01	b1	t10	bra	133.8	0.35	172.47	0.55	4.4	rise	21.687	131.81	0.91	251.01	1.21	11.15	rise	37.655	95.01	25.921	81.22	22.157	65.76	17.94	124.56	33.983	?	48.078	51.922	42.65	9.825	104.68	24.112	80.83	18.619	205.97	47.444	?	33.937	66.063	58.1	75.22	61.6	179.28	?	366.552	?	162.86	9.369	596.994	?	197.24	203.4	997.93	577.6	1575.52	1738.39	?	NA
09_C01_b1_t11_moni_nob	09	C01	b1	t11	nob	133.34	0.36	231.61	0.64	9.56	rise	33.623	130.27	1.08	215.11	1.44	8.68	rise	23.75	86.35	19.414	103.99	23.379	62.67	14.09	191.78	43.117	?	42.793	57.207	87.35	17.778	124.22	25.284	68.38	13.918	211.36	43.02	?	43.062	56.938	20.74	114.77	34.98	165.39	95.72	540.51	?	56.72	3.147	548.03	?	177.39	200.45	1209.21	536.32	1745.53	1802.25	?	NA
09_C01_b1_t12_manni_bra	09	C01	b1	t12	bra	132.29	0.33	189.33	0.55	6.21	rise	28.212	131.93	0.85	254.33	1.19	11.36	rise	34.21	102.58	32.393	66.62	21.039	54.41	17.182	93.06	29.386	?	53.431	46.569	91.25	19.619	90.55	19.467	69.58	14.96	213.74	45.953	?	39.086	60.914	54.5	84.62	50.21	185.84	?	316.677	?	212.29	12.13	677.413	?	183.07	197.74	964.87	572.92	1537.79	1750.07	?	NA
10_C01_b1_t01_manni_bra	10	C01	b1	t01	bra	192.5	0.56	239.1	0.36	3.75	fall	-18.708	189.83	0.85	311.12	1.21	8.55	rise	23.921	45.27	13.296	82.75	24.303	65.85	19.341	146.61	43.06	?	37.599	62.401	52.41	12.096	102.11	23.566	68.84	15.887	209.93	48.451	?	35.662	64.338	78.36	100	54.46	213.73	?	340.484	?	199.48	11.102	632.769	?	191.21	185.85	964.98	632.39	1597.37	1796.85	?	 name1 knarrend
10_C01_b1_t02_moni_nob	10	C01	b1	t02	nob	203.76	0.64	230.43	0.45	2.13	fall	-11.427	180.83	0.91	252.71	1.22	5.79	rise	18.926	87.08	23.127	123	32.668	42.39	11.258	124.06	32.947	?	55.795	44.205	60.07	15.619	150.19	39.049	38.41	9.986	135.94	35.345	?	54.668	45.332	54.99	119.79	59.22	275.95	?	376.531	?	?	0	384.606	?	218.77	213.13	979.91	723.08	1702.99	1702.99	?	NA
10_C01_b1_t03_leni_bra	10	C01	b1	t03	bra	189.32	0.59	210.3	0.36	1.82	fall	-8.023	184.01	0.91	266.95	1.2	6.44	rise	22.365	59.85	19.313	87.81	28.335	49.62	16.012	112.61	36.34	?	47.648	52.352	25.21	6.375	142.09	35.934	57.9	14.643	170.22	43.049	?	42.308	57.692	35.61	101	67.48	208.35	?	309.886	?	203.53	11.378	598.951	?	246.3	221.26	951.6	633.7	1585.31	1788.84	?	NA
10_C01_b1_t04_nelli_nob	10	C01	b1	t04	nob	240.37	0.35	289.62	0.57	3.23	rise	14.426	211.87	0.82	226.76	1.08	1.18	rise	4.435	31.76	9.857	77.96	24.195	58.03	18.01	154.46	47.938	?	34.052	65.948	67.54	18.39	107.23	29.196	55.66	15.154	136.84	37.259	?	47.587	52.413	49.18	114.31	69.02	234.21	?	322.199	?	?	0	367.269	?	153.49	177.33	842.96	644.04	1487	1487	?	NA
10_C01_b1_t05_lilli_bra	10	C01	b1	t05	bra	211.75	0.58	218.12	0.51	0.51	fall	-7.402	193.62	0.84	288.05	1.16	6.88	rise	21.763	71.62	23.695	102.39	33.873	32.66	10.806	95.6	31.626	?	57.568	42.432	28.06	6.712	80.42	19.239	65.31	15.623	244.23	58.425	?	25.952	74.048	49.94	174.82	62.07	222.06	?	302.271	?	184.55	10.052	602.571	?	224.37	197.91	944.66	706.8	1651.46	1836.01	?	NA
10_C01_b1_t06_leni_nob	10	C01	b1	t06	nob	105.85	0.36	135.68	0.62	4.3	rise	16.655	204.92	0.94	225.96	1.2	1.69	rise	6.496	45.56	13.126	82.1	23.651	57.74	16.634	161.73	46.59	?	36.776	63.224	38.45	10.417	123.1	33.346	62.68	16.979	144.92	39.258	?	43.763	56.237	74.24	90.34	66.79	222.87	?	347.131	?	?	0	369.154	?	247.73	193.04	964.02	647.28	1611.3	1611.3	?	NA
10_C01_b1_t07_moni_bra	10	C01	b1	t07	bra	195.63	0.57	217.08	0.35	1.8	fall	-8.257	186.35	0.82	298.24	1.24	8.14	rise	19.74	41.98	14.131	94.97	31.967	56.19	18.915	103.95	34.987	?	46.098	53.902	55.66	11.406	151.52	31.049	63.12	12.935	217.7	44.61	?	42.455	57.545	64.73	122.99	60.33	202.44	?	297.096	?	173.72	9.746	661.729	?	186.29	186.75	971.39	637.26	1608.65	1782.37	?	NA
10_C01_b1_t08_mimmi_bra	10	C01	b1	t08	bra	210.99	0.55	223.55	0.4	1	fall	-6.568	192.58	0.81	287.61	1.05	6.94	rise	28.385	24.15	8.122	117.77	39.603	53.54	18.004	101.91	34.272	?	47.724	52.276	69.1	15.841	75.5	17.309	72.62	16.647	219.01	50.204	?	33.149	66.851	44.82	155.32	45.94	210.07	?	297.366	?	280.68	15.115	716.911	?	172.87	213.62	906.47	669.78	1576.24	1856.92	?	NA
10_C01_b1_t09_manni_nob	10	C01	b1	t09	nob	254.01	0.33	277.74	0.48	1.55	rise	10.489	204.51	0.8	212.04	1.02	0.63	rise	2.915	22.08	7.26	61.97	20.373	66.76	21.949	153.35	50.417	?	27.634	72.366	65.63	20.727	87.35	27.589	71.69	22.641	91.96	29.043	?	48.316	51.684	75.75	76.09	63.83	226.2	?	304.169	?	?	0	316.627	?	174.96	182.93	795.75	624.81	1420.56	1420.56	?	NA
10_C01_b1_t10_nelli_bra	10	C01	b1	t10	bra	238.78	0.37	248.96	0.5	0.72	rise	5.233	206.53	0.84	283.57	1.15	5.49	rise	17.603	61.81	18.826	69.75	21.245	57.6	17.545	139.15	42.384	?	40.071	59.929	65.72	14.12	99.34	21.342	50.07	10.756	250.33	53.781	?	35.462	64.538	33.43	131.78	55.84	193.25	?	328.31	?	157.43	9.232	622.877	?	150.03	189.65	943.79	603.94	1547.73	1705.16	?	NA
10_C01_b1_t11_lilli_nob	10	C01	b1	t11	nob	215.79	0.35	269.79	0.59	3.87	rise	16.599	105.28	0.93	109.68	1.03	0.71	rise	6.964	44.34	13.054	120.08	35.35	55.62	16.373	119.65	35.223	?	48.404	51.596	13.19	5.055	56.35	21.59	75.33	28.865	116.11	44.49	?	26.645	73.355	75.07	135.67	66.88	198.6	27.22	366.914	?	?	0	260.979	?	185.54	155.99	813.43	632.21	1445.64	1445.64	?	NA
10_C01_b1_t12_mimmi_nob	10	C01	b1	t12	nob	231.43	0.36	265.8	0.62	2.4	rise	9.328	207.6	0.92	221.62	1.07	1.13	rise	7.343	59.01	15.329	133.19	34.601	60.67	15.761	132.07	34.31	?	49.929	50.071	75.66	21.857	58.93	17.024	65.26	18.852	146.31	42.267	?	38.88	61.12	82.17	140.88	61.58	195.02	?	384.94	?	?	0	346.147	?	166.46	154.45	897.54	634.1	1531.64	1531.64	?	NA
11_C01_b1_t01_leni_nob	11	C01	b1	t01	nob	209.77	0.43	357.57	0.65	9.23	rise	43.274	223.51	0.93	272.4	1.17	3.42	rise	14.484	92.62	23.041	101.04	25.136	74.38	18.503	133.94	33.319	?	48.177	51.823	52.83	14.005	114.14	30.256	62.66	16.611	147.61	39.128	?	44.261	55.739	62.79	100.86	56.09	165.22	?	401.983	?	?	0	377.237	?	181.77	192.47	960.99	577.43	1538.42	1538.42	?	 lena statt leni
11_C01_b1_t02_lilli_bra	11	C01	b1	t02	bra	240.04	0.37	294.55	0.54	3.54	rise	20.172	243.53	0.88	400.39	1.2	8.61	rise	27.108	80.93	25.466	107.66	33.876	46.61	14.666	82.61	25.992	?	59.341	40.659	45.55	10.932	120.46	28.91	58.45	14.026	192.23	46.132	?	39.842	60.158	51.64	132.09	46.53	140.57	?	317.818	?	374.4	19.281	791.093	?	205.59	256.54	940.09	627.37	1567.46	1941.86	?	NA
11_C01_b1_t03_nelli_nob	11	C01	b1	t03	nob	234.49	0.34	307.42	0.56	4.69	rise	21.305	238.04	0.8	267.49	1.05	2.02	rise	8.017	59.64	18.88	77.38	24.498	67.94	21.51	110.91	35.112	?	43.378	56.622	89.5	24.475	107.66	29.442	58.93	16.116	109.58	29.966	?	53.918	46.082	54.89	102.66	61.76	164.47	?	315.864	?	?	0	365.667	?	121.65	172.89	803.18	556.66	1359.85	1359.85	?	NA
11_C01_b1_t04_leni_bra	11	C01	b1	t04	bra	231.18	0.58	231.74	0.37	0.04	fall	-0.199	221.18	0.78	362.85	1.09	8.57	rise	27.567	80.63	25.876	82.79	26.567	61.17	19.628	87.03	27.929	?	52.443	47.557	67.32	17.536	99.86	26.012	58.17	15.153	158.54	41.299	?	43.548	56.452	52.5	99.88	41.2	143.92	?	311.621	?	388.36	22.331	772.243	?	133.98	183.77	829.48	521.28	1350.77	1739.13	?	NA
11_C01_b1_t05_moni_nob	11	C01	b1	t05	nob	224.8	0.37	327.07	0.65	6.49	rise	23.826	223.27	0.88	280.05	1.18	3.92	rise	13.103	82.73	21.545	108.96	28.378	77.12	20.085	115.16	29.992	?	49.923	50.077	99.19	23.066	113.2	26.325	58.9	13.697	158.73	36.912	?	49.391	50.609	56.06	108.34	63.21	175.04	?	383.97	?	63.51	3.989	493.526	?	150.31	161.4	964.3	564.05	1528.35	1591.86	?	NA
11_C01_b1_t06_manni_bra	11	C01	b1	t06	bra	234.46	0.54	244.13	0.31	0.7	fall	-3.054	214.65	0.79	352.64	1.05	8.59	rise	33.756	8.3	3.207	88.12	34.063	62.55	24.177	99.73	38.553	?	37.27	62.73	94.61	23.258	84.27	20.717	60.61	14.899	167.29	41.126	?	43.975	56.025	50.7	93.17	49.93	164.57	?	258.695	?	363.94	21.111	770.724	?	118.04	218.11	783.51	576.48	1359.99	1723.94	?	NA
11_C01_b1_t07_mimmi_nob	11	C01	b1	t07	nob	229.88	0.36	335.38	0.63	6.54	rise	24.263	229.35	0.93	273.75	1.17	3.06	rise	12.844	75.01	19.299	118.77	30.557	67.06	17.253	127.84	32.891	?	49.856	50.144	101.93	25.954	64.46	16.415	88.52	22.541	137.8	35.09	?	42.369	57.631	71.9	142.84	69.34	144.07	?	388.684	?	?	0	392.714	?	126.9	176.43	908.3	604.59	1512.89	1512.89	?	NA
11_C01_b1_t08_lilli_nob	11	C01	b1	t08	nob	225.19	0.35	304.59	0.66	5.23	rise	17.061	216.75	0.98	279.91	1.3	4.43	rise	13.875	96.87	23.446	99.62	24.11	64.16	15.529	152.53	36.915	?	47.556	52.444	34.52	8.524	86.64	21.394	75.5	18.643	208.32	51.439	?	29.918	70.082	62.09	152.06	58.45	151.6	?	413.184	?	?	0	404.985	?	248.14	229.22	1066.3	653.42	1719.72	1719.72	?	NA
11_C01_b1_t09_nelli_bra	11	C01	b1	t09	bra	246.46	0.57	250.77	0.4	0.3	fall	-1.773	218.12	0.89	379.55	1.1	9.59	rise	45.849	54.23	18.877	74.54	25.944	59.38	20.668	99.15	34.511	?	44.821	55.179	95.97	20.825	124.21	26.954	36.94	8.017	203.7	44.204	?	47.779	52.221	52.52	108.01	55.61	179.78	?	287.291	?	455.2	23.981	916.025	?	98.04	200.95	846.15	596.86	1443.02	1898.22	?	NA
11_C01_b1_t10_manni_nob	11	C01	b1	t10	nob	247.92	0.39	366.04	0.64	6.75	rise	26.852	213.78	1	316.15	1.38	6.77	rise	18.127	46.21	11.189	94.05	22.77	66.85	16.185	205.93	49.856	?	33.958	66.042	94.4	20.441	106.49	23.058	62.96	13.632	197.98	42.868	?	43.499	56.501	66.11	104.71	42.72	185.73	144.37	557.415	?	170.04	8.96	631.868	?	125.03	184.19	1144.27	583.46	1727.73	1897.78	?	NA
11_C01_b1_t11_mimmi_bra	11	C01	b1	t11	bra	244.14	0.58	245.21	0.42	0.08	fall	-0.462	221.66	0.84	374.83	1.14	9.09	rise	30.674	58.39	19.206	94.75	31.164	52.75	17.351	98.14	32.279	?	50.37	49.63	82.44	18.388	80.11	17.868	71.85	16.026	213.94	47.717	?	36.256	63.744	84.12	127.67	61.76	137.05	?	304.035	?	376.87	20.383	825.21	?	139.78	169.32	892.15	579.93	1472.08	1848.95	?	NA
11_C01_b1_t12_moni_bra	11	C01	b1	t12	bra	228.16	0.39	249.11	0.56	1.52	rise	8.736	219.09	0.83	365.73	1.12	8.87	rise	30.958	59.3	18.814	96.24	30.534	60.17	19.091	99.48	31.562	?	49.348	50.652	117.69	27.479	86.42	20.177	56.31	13.147	167.89	39.198	?	47.656	52.344	53.6	98.71	63.04	166.22	?	315.205	?	275.98	16.024	704.291	?	123.98	197.27	867.49	578.84	1446.34	1722.31	?	NA
13_C01_b1_t01_mimmi_nob	13	C01	b1	t01	nob	206.58	0.44	272.67	0.73	4.81	rise	16.551	203.88	1	246.33	1.29	3.27	rise	11.32	120.46	26.338	146.41	32.012	74.1	16.2	116.4	25.45	?	58.35	41.65	109.38	29.238	79.97	21.375	75.92	20.293	108.85	29.094	?	50.613	49.387	68.36	186.78	58.61	229.94	?	457.373	?	?	0	374.115	?	167.84	229.23	999.33	772.92	1772.25	1772.25	?	NA
13_C01_b1_t02_lilli_nob	13	C01	b1	t02	nob	198.06	0.36	262.1	0.66	4.85	rise	16.122	203.32	0.97	235.81	1.21	2.57	rise	10.298	50.97	12.757	166.07	41.565	62.96	15.758	119.55	29.92	?	54.321	45.679	21.65	7.189	86.37	28.673	87.27	28.97	105.94	35.169	?	35.861	64.139	96.87	146.75	62.22	202.53	?	399.548	?	?	0	301.23	?	229.25	184.63	930.03	693	1623.03	1623.03	?	NA
13_C01_b1_t03_nelli_bra	13	C01	b1	t03	bra	210.22	0.36	220.49	0.54	0.83	rise	4.654	188.37	1.74	313.58	2.11	8.82	rise	23.781	87.6	24.344	62.4	17.342	81.19	22.564	128.64	35.75	?	41.686	58.314	136.5	23.84	101.02	17.645	75.16	13.127	259.87	45.388	?	41.485	58.515	38.5	133.94	50.34	220.87	?	359.822	?	131.66	6.713	704.204	?	221.63	231.96	1153.99	675.62	1829.61	1961.27	1	 hes
13_C01_b1_t04_manni_nob	13	C01	b1	t04	nob	206.98	0.38	258.74	0.67	3.86	rise	13.543	187.08	1.03	220.08	1.27	2.81	rise	12.068	91.18	22.486	91.13	22.472	71.94	17.741	151.26	37.3	?	44.958	55.042	116.12	27.464	90.58	21.425	93.33	22.075	122.76	29.036	?	48.889	51.111	72.79	98.88	63.35	235.88	?	405.509	?	?	0	422.794	?	196.15	258.64	1024.46	729.53	1753.98	1753.98	?	NA
13_C01_b1_t05_mimmi_bra	13	C01	b1	t05	bra	208.8	0.35	215.98	0.54	0.59	rise	2.973	189.04	1.04	290.57	1.44	7.44	rise	18.639	128.94	29.36	145.14	33.049	83.71	19.062	81.37	18.529	?	62.409	37.591	127.95	24.425	77	14.699	103.42	19.741	215.49	41.135	?	39.124	60.876	84.46	158.36	61.63	213.8	?	439.156	?	445.44	19.204	969.3	?	211.82	181.01	1174.84	699.26	1874.09	2319.53	?	NA
13_C01_b1_t06_moni_bra	13	C01	b1	t06	bra	193.57	0.38	206.74	0.52	1.14	rise	8.131	177.95	1.06	253.69	1.39	6.14	rise	18.201	108.3	26.249	118.55	28.734	71.25	17.269	114.48	27.747	?	54.983	45.017	76.92	15.519	159.12	32.103	59.69	12.043	199.93	40.336	?	47.621	52.379	48.56	149.4	53.38	260.58	?	412.583	?	279.54	12.651	775.207	?	270.7	239.23	1178.95	751.15	1930.1	2209.64	?	NA
13_C01_b1_t07_leni_nob	13	C01	b1	t07	nob	182.13	0.45	248.14	0.73	5.35	rise	19.283	188.67	1.15	216.19	1.44	2.36	rise	7.94	127.07	25.048	111.18	21.917	93.66	18.463	175.38	34.572	?	46.966	53.034	60.33	13.812	149.75	34.287	91.2	20.881	135.48	31.02	?	48.099	51.901	40.62	96.53	50.93	255.76	?	507.28	?	?	0	436.749	?	234.67	250.45	1178.7	694.3	1872.99	1872.99	?	NA
13_C01_b1_t08_lilli_bra	13	C01	b1	t08	bra	191.91	0.35	211.38	0.54	1.67	rise	8.707	191	1.02	308.94	1.39	8.32	rise	22.473	79.23	18.22	171.83	39.516	64.75	14.89	119.03	27.374	?	57.736	42.264	64.15	14.038	91.32	19.984	74.06	16.208	227.43	49.771	?	34.022	65.978	96.23	165.09	68.65	187.16	?	434.834	?	390.36	17.86	847.317	?	241.96	144.48	1133.75	661.6	1795.35	2185.71	?	NA
13_C01_b1_t09_nelli_nob	13	C01	b1	t09	nob	202.94	0.38	256.03	0.6	4.02	rise	18.375	194.18	1.06	225.74	1.31	2.61	rise	10.615	97.71	22.823	73.43	17.152	104.29	24.36	152.69	35.666	?	39.974	60.026	59.61	16.775	102.59	28.871	75.89	21.357	117.25	32.997	?	45.646	54.354	88.53	123.99	62.71	220.32	?	428.126	?	?	0	355.345	?	228.59	198.2	1012.06	693.74	1705.8	1705.8	?	NA
13_C01_b1_t10_leni_bra	13	C01	b1	t10	bra	185.64	0.43	206.35	0.67	1.83	rise	7.495	179.56	1.06	281.21	1.41	7.77	rise	21.913	157.55	34.953	101.66	22.553	77.55	17.204	114	25.29	?	57.506	42.494	109.53	19.291	144.33	25.42	66.38	11.691	247.55	43.599	?	44.71	55.29	51.86	113.08	65.17	215.73	?	450.755	?	203.2	10.188	770.997	?	167.89	159.12	1186.44	604.96	1791.4	1994.6	?	NA
13_C01_b1_t11_moni_nob	13	C01	b1	t11	nob	196.54	0.41	257.59	0.73	4.68	rise	14.671	184.92	1.09	224.81	1.37	3.38	rise	12.031	162.82	35.928	81.84	18.059	73.95	16.317	134.59	29.697	?	53.986	46.014	106.03	22.418	142.11	30.046	64.68	13.674	160.16	33.861	?	52.464	47.536	78.72	129.81	47.14	216.16	?	453.197	?	?	0	472.975	?	194.77	185.86	1120.94	657.69	1778.63	1778.63	?	NA
13_C01_b1_t12_manni_bra	13	C01	b1	t12	bra	202.54	0.49	214.26	0.41	0.97	fall	-13.063	180.22	1	309.5	1.34	9.36	rise	28.083	69.24	19.804	70.66	20.209	85.64	24.495	124.09	35.492	?	40.014	59.986	69.46	14.617	88.34	18.591	83.66	17.605	233.74	49.187	?	33.208	66.792	74.76	106.26	61.36	216.36	?	349.625	?	107.31	5.939	582.506	?	256.33	159.64	1081.15	618.37	1699.52	1806.83	?	NA
14_C01_b1_t01_manni_bra	14	C01	b1	t01	bra	218.66	0.35	294.73	0.56	5.17	rise	24.557	171.57	0.97	327.99	1.24	11.22	rise	41.437	56.77	17.848	80.62	25.346	51.14	16.076	129.56	40.73	?	43.194	56.806	63.47	15.066	97.38	23.116	84.78	20.124	175.64	41.693	?	38.183	61.817	57.24	141.76	62.62	190.95	?	318.087	?	449.89	20.864	871.154	?	231.29	283.16	970.65	735.73	1706.38	2156.27	?	NA
14_C01_b1_t02_moni_nob	14	C01	b1	t02	nob	212.43	0.35	279.04	0.53	4.72	rise	26.245	197.5	0.9	230.48	1.15	2.67	rise	10.854	38.88	12.868	96.3	31.871	65.62	21.719	101.35	33.542	?	44.739	55.261	68.53	20.595	125.86	37.821	57.14	17.172	81.23	24.412	?	58.417	41.583	48.79	150.31	52.46	168.56	?	302.153	?	?	0	332.765	?	225.45	219.49	860.37	639.61	1499.98	1499.98	?	NA
14_C01_b1_t03_leni_bra	14	C01	b1	t03	bra	214.9	0.36	275.68	0.54	4.31	rise	23.482	174.04	0.97	358.3	1.21	12.5	rise	51.311	64.81	19.487	88.97	26.751	63.97	19.232	114.84	34.53	?	46.238	53.762	62.62	15.531	124.35	30.842	66.53	16.502	149.68	37.125	?	46.373	53.627	66.2	132.81	70.89	198.19	?	332.593	?	479.62	22.433	882.802	?	210.08	244.46	945.85	712.55	1658.4	2138.03	?	NA
14_C01_b1_t04_nelli_nob	14	C01	b1	t04	nob	229.83	0.34	297.66	0.53	4.48	rise	23.164	181.74	0.91	211.51	1.13	2.63	rise	12.434	58.72	18.429	73.81	23.166	86.34	27.097	99.76	31.309	?	41.595	58.405	45.79	15.615	96.16	32.792	66.35	22.626	84.94	28.968	?	48.407	51.593	36.36	151.88	57.64	173.85	?	318.635	?	?	0	293.236	?	221.14	242.03	833.01	661.75	1494.76	1494.76	?	NA
14_C01_b1_t05_lilli_bra	14	C01	b1	t05	bra	174.37	0.62	210.37	0.33	3.25	fall	-11.27	181.71	0.92	328.84	1.13	10.27	rise	49.333	63.68	19.229	118.94	35.914	71.3	21.528	77.26	23.329	?	55.143	44.857	17.16	5.444	55.56	17.623	93.19	29.559	149.35	47.374	?	23.067	76.933	69.8	168.43	75.39	148.66	?	331.178	?	426.02	21.981	741.276	?	206.46	196.94	852.89	659.23	1512.12	1938.14	?	NA
14_C01_b1_t06_leni_nob	14	C01	b1	t06	nob	217.02	0.34	285.92	0.53	4.77	rise	24.863	186.72	0.85	239.24	1.11	4.29	rise	16.531	46.5	15.324	89.81	29.599	57.93	19.092	109.19	35.985	?	44.923	55.077	47.55	14.455	126.91	38.581	59.48	18.081	95.01	28.883	?	53.036	46.964	56.06	117.55	79.29	172.28	?	303.439	?	?	0	328.955	?	195.76	208.09	828.15	633.27	1461.42	1461.42	?	NA
14_C01_b1_t07_moni_bra	14	C01	b1	t07	bra	217.33	0.42	250.06	0.53	2.43	rise	22.643	171.71	0.94	324.24	1.2	11.01	rise	41.337	50.58	16.337	86.66	27.993	69	22.286	103.35	33.384	?	44.33	55.67	83.73	19.635	128.53	30.141	62.59	14.677	151.59	35.547	?	49.776	50.224	66.26	157.15	72.64	174	?	309.584	?	365.74	18.38	792.177	?	197.14	220.89	933.16	690.93	1624.09	1989.83	?	NA
14_C01_b1_t08_mimmi_bra	14	C01	b1	t08	bra	215.38	0.38	265.79	0.58	3.64	rise	18.404	182.22	0.95	319.34	1.19	9.71	rise	38.966	68.78	19.324	138.97	39.043	49.07	13.787	99.11	27.846	?	58.367	41.633	92.78	23.477	62.09	15.711	86.18	21.808	154.14	39.004	?	39.188	60.812	59.83	193.45	85.94	161.03	?	355.927	?	408.71	20.111	803.898	?	168.21	204.04	919.32	704.29	1623.62	2032.33	?	NA
14_C01_b1_t09_manni_nob	14	C01	b1	t09	nob	248.8	0.36	294.78	0.51	2.94	rise	19.224	177.24	0.91	236.7	1.11	5.01	rise	25.512	49.92	16.608	82.82	27.554	51.69	17.197	116.14	38.641	?	44.163	55.837	98.18	27.248	100.07	27.772	66.88	18.563	95.18	26.417	?	55.02	44.98	72.54	130.4	80.5	176.61	?	300.556	?	?	0	360.311	?	159.16	178.36	820.03	638.41	1458.44	1458.44	?	NA
14_C01_b1_t10_nelli_bra	14	C01	b1	t10	bra	193.33	0.57	221.64	0.39	2.37	fall	-13.164	161.91	0.92	278.67	1.09	9.4	rise	54.685	53.55	18.469	72.27	24.922	71.22	24.562	92.93	32.047	?	43.391	56.609	74.72	20.463	97.06	26.58	70.56	19.322	122.82	33.635	?	47.043	52.957	65.68	176.93	59.73	165.89	?	289.974	?	478.52	23.982	843.68	?	156.62	236.85	811.75	705.09	1516.84	1995.36	?	NA
14_C01_b1_t11_lilli_nob	14	C01	b1	t11	nob	235.7	0.34	279.39	0.49	2.94	rise	20.354	199.03	0.91	221.62	1.01	1.86	rise	18.237	54.34	16.792	141.94	43.858	52.25	16.145	75.1	23.205	?	60.65	39.35	22.83	9.101	57.68	22.99	75.29	30.012	95.07	37.897	?	32.091	67.909	54.93	162.94	74.76	150.36	?	323.625	?	?	0	250.873	?	203.99	210.51	778.49	653.5	1431.99	1431.99	?	NA
14_C01_b1_t12_mimmi_nob	14	C01	b1	t12	nob	208.47	0.36	294.84	0.57	6	rise	28.643	197.76	0.95	250.35	1.13	4.08	rise	22.266	53.69	15.024	154.97	43.363	53.51	14.973	95.21	26.64	?	58.387	41.613	63.29	20.821	60.76	19.989	96.36	31.7	83.57	27.49	?	40.81	59.19	46.01	188.6	60.73	146.02	?	357.382	?	?	0	303.986	?	178.57	220.98	839.94	662.34	1502.28	1502.28	?	NA
15_C01_b1_t01_leni_nob	15	C01	b1	t01	nob	198.85	0.38	317.73	0.62	8.11	rise	32.541	195.51	1.12	250.53	1.33	4.29	rise	20.832	87.44	18.534	121.82	25.823	70.27	14.895	192.23	40.748	?	44.357	55.643	41.66	10.404	167.59	41.848	56.23	14.041	134.99	33.708	?	52.251	47.749	32.72	148.34	57.75	260.1	?	471.761	?	?	0	400.469	?	277.56	263.87	1149.79	762.78	1912.57	1912.57	?	NA
15_C01_b1_t02_lilli_bra	15	C01	b1	t02	bra	207.57	0.34	241.91	0.56	2.65	rise	11.765	194.24	0.86	333.53	1.21	9.36	rise	26.134	78.2	23.765	126.77	38.526	45.86	13.937	78.23	23.773	?	62.29	37.71	29.2	7.126	91.45	22.314	85.9	20.96	203.27	49.6	?	29.44	70.56	48.17	210.93	52.19	225.99	?	329.052	?	321.67	15.373	731.486	?	215.86	278.75	954.73	816.03	1770.75	2092.43	?	NA
15_C01_b1_t03_nelli_nob	15	C01	b1	t03	nob	230.76	0.32	326.56	0.57	6.01	rise	23.891	210.87	1.04	242.23	1.22	2.4	rise	13.203	75.49	18.978	88.13	22.156	96.21	24.189	137.93	34.677	?	41.134	58.866	57.13	17.794	110.01	34.265	61.42	19.13	92.51	28.812	?	52.059	47.941	77.38	128.68	67.41	239.9	41.27	439.027	?	?	0	321.075	?	233.76	249.24	993.86	762.6	1756.46	1756.46	?	NA
15_C01_b1_t04_leni_bra	15	C01	b1	t04	bra	189.87	0.38	236.73	0.58	3.82	rise	18.762	186.87	0.88	355.35	1.28	11.13	rise	28.039	79.05	21.969	111.6	31.013	62.35	17.326	106.84	29.692	?	52.982	47.018	84.06	17.728	141.1	29.757	61.81	13.035	187.19	39.479	?	47.486	52.514	71.4	127.92	54.47	259.66	?	359.835	?	402.71	18.606	876.868	?	184.82	229.43	1018.82	742.88	1761.7	2164.41	?	NA
15_C01_b1_t05_moni_nob	15	C01	b1	t05	nob	203.47	0.34	319.96	0.6	7.84	rise	30.172	197.87	1.02	233.61	1.27	2.87	rise	11.532	94.77	22.54	111.47	26.512	76.29	18.144	137.94	32.805	?	49.051	50.949	80.37	21.877	148.35	40.383	54.06	14.716	84.58	23.024	?	62.26	37.74	67.22	151.9	61.7	240.02	33.89	454.359	?	?	0	367.362	?	223.91	237.89	1045.63	758.72	1804.35	1804.35	?	NA
15_C01_b1_t06_manni_bra	15	C01	b1	t06	bra	211.45	0.35	251.3	0.52	2.99	rise	16.929	176.71	0.91	318.26	1.26	10.19	rise	29.419	76.17	23.828	60.19	18.828	73.76	23.074	109.55	34.27	?	42.656	57.344	65.02	14.594	101.69	22.826	67.43	15.136	211.37	47.444	?	37.42	62.58	62	135.67	45.99	261.64	?	319.664	?	325.4	15.847	770.913	?	224.06	233.46	989.24	738.77	1728.01	2053.41	?	NA
15_C01_b1_t07_mimmi_nob	15	C01	b1	t07	nob	218.01	0.34	316.23	0.57	6.44	rise	27.729	215.75	0.98	232.54	1.17	1.3	rise	7.076	66.75	17.255	144.28	37.296	47.92	12.387	127.9	33.062	?	54.551	45.449	79.63	24.108	67.54	20.447	78.7	23.828	104.43	31.617	?	44.555	55.445	99.09	205.86	58.26	260.33	?	386.85	?	?	0	330.301	?	241.97	288.94	959.12	912.48	1871.6	1871.6	?	NA
15_C01_b1_t08_lilli_nob	15	C01	b1	t08	nob	206.55	0.35	307.94	0.64	6.91	rise	23.838	190.89	1.05	241.71	1.27	4.09	rise	18.583	108.01	23.315	160.34	34.61	66.17	14.284	128.75	27.792	?	57.925	42.075	60.56	16.351	92.14	24.877	90.02	24.306	127.65	34.466	?	41.228	58.772	48	222.23	57.77	257.47	45.7	508.976	?	93.04	4.694	463.41	?	204.01	220.35	1083.36	805.82	1889.18	1982.22	?	NA
15_C01_b1_t09_nelli_bra	15	C01	b1	t09	bra	212.15	0.34	254.71	0.52	3.17	rise	17.631	191.96	0.91	333.4	1.29	9.56	rise	24.801	70.4	21.743	64.83	20.024	69.25	21.39	119.29	36.844	?	41.767	58.233	65.56	13.601	111.79	23.194	71.89	14.915	232.75	48.289	?	36.795	63.205	88.74	180.44	68.78	298.92	?	323.773	?	265.65	12.104	747.641	?	235.06	251.34	1040.82	888.21	1929.03	2194.68	?	NA
15_C01_b1_t10_manni_nob	15	C01	b1	t10	nob	204.92	0.33	319.11	0.57	7.67	rise	32.918	194.07	1.06	235.09	1.27	3.32	rise	15.919	100	25.819	75.06	19.382	70.45	18.192	141.78	36.607	?	45.201	54.799	52.25	14.005	124.35	33.33	69.7	18.683	126.78	33.981	?	47.335	52.665	81.49	152.99	52.32	281.17	93.5	480.797	?	?	0	373.081	?	226.45	292.28	1080.33	860.25	1940.58	1940.58	?	NA
15_C01_b1_t11_mimmi_bra	15	C01	b1	t11	bra	202.94	0.35	316.51	0.59	7.69	rise	32.073	200.45	0.98	314.46	1.35	7.8	rise	21.064	78.07	20.174	142.55	36.835	56.62	14.631	109.75	28.36	?	57.009	42.991	76.85	16.99	71.77	15.867	91.35	20.196	212.36	46.947	?	32.857	67.143	57.17	217.66	59.94	265.73	60.56	447.549	?	353.15	15.311	805.484	?	195.89	257.04	1095.78	857.53	1953.31	2306.46	?	NA
15_C01_b1_t12_moni_bra	15	C01	b1	t12	bra	199.86	0.36	271.54	0.6	5.31	rise	22.951	185.73	1.01	325.98	1.44	9.74	rise	22.233	95.19	22.956	114.48	27.608	70.25	16.942	134.74	32.494	?	50.564	49.436	74.62	14.056	180.52	34.004	54.35	10.237	221.4	41.704	?	48.06	51.94	85.56	147.66	69.35	295.11	25.07	439.731	?	572.6	21.494	1103.49	?	221.56	301.5	1192.19	899.17	2091.36	2663.96	?	NA
16_C01_b1_t01_moni_bra	16	C01	b1	t01	bra	261	0.47	320.97	0.63	3.58	rise	22.909	247.39	1.06	359.76	1.53	6.48	rise	13.864	100.93	23.137	131.9	30.237	67.53	15.482	135.86	31.145	?	53.373	46.627	125.5	20.702	164.52	27.139	73.06	12.052	243.14	40.107	?	47.84	52.16	71.49	158.41	53.68	235.79	?	436.21	?	782.15	27.643	1388.374	?	224.55	260.95	1266.99	780.32	2047.31	2829.46	?	NA
16_C01_b1_t02_mimmi_bra	16	C01	b1	t02	bra	247.25	0.37	305.7	0.75	3.67	rise	9.772	258	1.19	351.3	1.56	5.34	rise	14.305	100.37	19.767	187.25	36.879	76.78	15.121	143.35	28.233	?	56.646	43.354	86.3	16.182	111.78	20.959	90.78	17.021	244.46	45.838	?	37.141	62.859	63.03	199.12	71.18	225.9	?	507.749	?	551.61	20.572	1084.919	?	257.09	272.4	1298.15	831.63	2129.79	2681.39	?	NA
16_C01_b1_t03_manni_nob	16	C01	b1	t03	nob	250.49	0.33	318.44	0.59	4.16	rise	16.026	248.45	1.07	277.23	1.27	1.9	rise	9.512	73.87	17.653	110.06	26.304	84.2	20.124	150.29	35.919	?	43.957	56.043	102.62	22.357	125.18	27.273	99.05	21.578	132.15	28.791	?	49.63	50.37	86.65	99.72	71.48	245.11	?	418.423	?	?	0	459.006	?	207.29	278	1084.71	780.96	1865.67	1865.67	?	NA
16_C01_b1_t04_nelli_bra	16	C01	b1	t04	bra	279.9	0.41	309.52	0.62	1.74	rise	8.5	239.24	1.04	360.2	1.41	7.08	rise	19.202	57.25	15.472	93.94	25.39	80.61	21.785	138.21	37.353	?	40.862	59.138	118.34	19.972	145.21	24.507	97.47	16.449	231.52	39.072	?	44.479	55.521	52.07	155.45	58.9	244.96	?	370.006	?	565.67	22.689	1158.213	?	199.3	254.26	1161.85	765.63	1927.48	2493.15	?	NA
16_C01_b1_t05_lilli_nob	16	C01	b1	t05	nob	250.37	0.35	304.7	0.69	3.4	rise	9.745	243.7	1.07	277.56	1.31	2.25	rise	9.13	87.86	18.673	182.1	38.701	60.39	12.835	140.17	29.791	?	57.374	42.626	75.04	17.942	110.33	26.381	83.47	19.959	149.38	35.718	?	44.323	55.677	106.97	178.92	77.98	211.52	?	470.53	?	?	0	418.23	?	249.85	220.46	1138.61	795.85	1934.47	1934.47	?	NA
16_C01_b1_t06_mimmi_nob	16	C01	b1	t06	nob	244.76	0.35	310.38	0.6	4.11	rise	16.061	258.33	0.97	283.82	1.14	1.63	rise	9.315	39.31	10.35	150.2	39.545	74.66	19.655	115.66	30.45	?	49.895	50.105	87.08	22.387	100.21	25.763	80.64	20.733	121.03	31.116	?	48.151	51.849	95.08	187.62	66.13	210.75	?	379.825	?	?	0	388.958	?	184.69	212.06	953.47	771.62	1725.09	1725.09	?	NA
16_C01_b1_t07_manni_bra	16	C01	b1	t07	bra	245.38	0.32	308.18	0.57	3.95	rise	16.088	238.58	1	344.18	1.36	6.34	rise	17.657	82.37	23.263	80.18	22.645	80.85	22.833	110.69	31.26	?	45.907	54.093	105.83	17.97	131.4	22.311	77.15	13.1	274.55	46.619	?	40.281	59.719	80.21	117.65	57.84	260.36	?	354.088	?	463.36	19.807	1052.292	?	180.36	236.58	1123.37	752.65	1876.02	2339.38	?	NA
16_C01_b1_t08_moni_nob	16	C01	b1	t08	nob	268.33	0.44	323.74	0.61	3.25	rise	18.384	251.45	1.05	276.56	1.26	1.65	rise	7.811	74.72	18.279	142.98	34.979	80.83	19.775	110.23	26.967	?	53.258	46.742	85.31	19.619	171.15	39.359	71.25	16.385	107.13	24.637	?	58.978	41.022	60.26	152.06	61.11	222.6	?	408.759	?	?	0	434.841	?	218.65	239.23	1062.25	735.27	1797.52	1797.52	?	NA
16_C01_b1_t09_leni_bra	16	C01	b1	t09	bra	247.65	0.43	307.96	0.68	3.77	rise	15.506	239.59	1.02	365.49	1.48	7.31	rise	15.962	78.08	18.879	128.91	31.168	77.4	18.715	129.2	31.238	?	50.047	49.953	86.64	14.472	153.57	25.654	82.31	13.749	276.12	46.125	?	40.126	59.874	82.5	110.87	66.14	251.95	?	413.594	?	448.6	17.991	1047.242	?	243.36	277.76	1255.59	789.23	2044.82	2493.43	?	NA
16_C01_b1_t10_nelli_nob	16	C01	b1	t10	nob	250.62	0.34	312.39	0.55	3.81	rise	17.869	248.91	0.93	274.25	1.2	1.68	rise	6.216	57.9	15.812	106.18	28.994	76.94	21.009	125.18	34.184	?	44.807	55.193	108.76	24.226	139.16	30.998	94.73	21.101	106.29	23.676	?	55.224	44.776	69.34	158.32	66.83	224.62	?	366.2	?	?	0	448.948	?	170.97	239.79	986.11	758.89	1745.01	1745.01	?	NA
16_C01_b1_t11_lilli_bra	16	C01	b1	t11	bra	244.84	0.35	306.63	0.59	3.9	rise	15.918	248.26	0.93	368.97	1.41	6.86	rise	14.289	66.7	17.809	149.58	39.935	64.81	17.305	93.45	24.951	?	57.745	42.255	76.62	13.633	103.77	18.465	84.52	15.039	297.11	52.864	?	32.097	67.903	68.06	184.93	71.99	227.5	?	374.543	?	268.48	11.844	830.503	?	230.49	278.75	1167.05	831.23	1998.28	2266.76	?	NA
16_C01_b1_t12_leni_nob	16	C01	b1	t12	nob	242.36	0.35	295.32	0.59	3.42	rise	14.173	242.71	1	271.83	1.27	1.96	rise	7.066	68.1	17.355	134.49	34.273	78.1	19.903	111.72	28.469	?	51.628	48.372	88.33	20.071	159.12	36.157	71.52	16.252	121.12	27.521	?	56.227	43.773	88.52	116.81	62.61	269.72	?	392.415	?	?	0	440.087	?	249.89	243.92	1082.39	781.59	1863.98	1863.98	?	NA
